Gender,SeniorCitizen,Partner,Dependents,Tenure,PhoneService,MultipleLines,InternetService,OnlineSecurity,OnlineBackup,DeviceProtection,TechSupport,StreamingTV,StreamingMovies,Contract,PaperlessBilling,PaymentMethod,MonthlyCharges,TotalCharges,Churn
1,0,1,0,42,1,2,1,2,0,0,0,0,2,1,1,2,102.95,4306.99,0
0,0,0,1,55,1,2,1,2,0,0,2,0,2,1,0,1,120.39,6588.83,0
0,0,1,1,0,1,0,0,0,0,2,0,0,2,2,0,3,74.42,0.0,1
0,0,0,1,16,1,2,0,0,2,2,2,0,2,0,0,3,83.24,1324.06,0
1,0,1,0,6,1,0,2,1,1,1,1,1,1,0,1,2,25.44,123.68,1
0,0,0,0,1,1,0,0,0,2,2,0,2,2,2,1,1,75.41,83.68,0
0,0,0,0,48,1,0,0,2,2,2,2,0,2,0,1,2,62.42,2964.92,0
1,1,0,1,1,1,0,1,2,0,2,0,2,0,1,0,1,114.49,130.08,0
1,0,1,1,20,1,0,1,2,2,2,0,0,2,0,0,2,115.12,2305.47,1
0,0,0,0,17,1,0,1,2,0,0,0,2,0,1,0,0,105.73,1828.02,0
0,0,0,0,72,1,0,1,2,2,0,2,0,0,2,1,2,84.94,6103.23,0
0,0,1,1,10,0,1,0,2,2,0,0,2,0,0,0,3,81.84,789.04,0
1,1,1,1,23,1,0,1,0,2,0,2,2,2,1,0,2,93.13,2157.49,0
0,0,1,1,35,1,2,1,2,2,0,2,2,0,0,1,0,104.51,3669.07,1
1,0,0,0,6,1,2,1,0,0,2,0,2,0,0,1,1,121.76,726.95,1
1,0,1,1,3,1,2,0,0,2,0,2,2,2,2,1,3,62.15,166.68,0
0,0,0,0,10,1,2,1,2,0,0,2,0,2,0,0,0,118.29,1208.59,0
1,0,1,1,6,0,1,0,2,2,0,2,2,0,2,1,1,77.23,471.31,0
1,0,1,0,8,1,2,2,1,1,1,1,1,1,1,1,3,31.0,258.68,0
1,0,1,0,10,0,1,0,0,0,2,0,0,2,0,0,1,56.22,557.99,1
0,1,1,0,11,1,0,1,2,0,2,2,2,2,1,1,1,100.19,1108.56,0
0,0,1,0,12,1,0,2,1,1,1,1,1,1,0,0,2,31.8,368.8,1
1,0,1,1,12,1,0,0,2,0,2,2,2,2,0,0,0,94.99,1123.88,1
0,1,0,1,45,1,0,0,0,2,0,0,2,2,0,0,2,75.79,3398.32,0
0,0,0,0,13,1,0,1,0,2,2,0,2,2,0,0,3,98.96,1294.3,1
0,0,1,0,3,1,2,2,1,1,1,1,1,1,1,1,2,32.63,132.37,0
1,0,1,1,25,1,2,1,0,2,0,2,0,2,1,0,2,117.32,2929.05,0
1,0,1,0,1,1,2,0,0,2,0,0,0,0,0,1,1,53.02,79.42,0
0,0,0,0,1,0,1,1,0,0,0,2,2,0,0,0,2,109.81,119.22,1
1,0,1,1,1,1,2,0,0,0,2,0,2,0,2,1,2,61.04,30.37,0
0,0,0,1,24,1,0,0,0,0,0,2,2,2,0,1,0,94.57,2278.15,1
0,0,0,0,4,1,0,1,0,0,0,0,2,2,0,1,3,81.82,330.92,0
1,0,1,0,21,1,2,1,2,0,0,0,2,0,0,0,3,81.06,1680.54,1
1,0,0,1,2,1,0,2,1,1,1,1,1,1,1,0,0,31.96,61.48,0
1,0,0,0,11,0,1,1,0,2,2,0,2,2,1,1,3,116.66,1252.95,0
0,1,0,0,25,1,0,0,0,0,2,0,2,0,0,0,2,63.14,1607.82,1
1,1,1,1,44,1,0,1,2,2,0,0,2,2,0,1,2,108.01,4750.25,0
1,0,0,0,24,1,2,1,2,0,0,0,0,2,0,0,1,82.09,1935.48,1
1,0,0,0,25,1,0,1,0,2,2,0,2,2,0,1,3,120.31,3023.99,1
1,0,0,1,13,0,1,0,2,0,2,2,0,2,1,1,3,61.85,801.52,0
1,0,0,1,15,1,0,1,0,2,0,2,0,0,1,1,0,117.01,1764.83,1
0,0,0,0,19,1,0,2,1,1,1,1,1,1,1,1,0,18.61,331.19,0
1,0,1,0,2,1,2,0,0,2,2,2,0,0,2,1,1,66.48,122.96,0
0,0,0,0,24,1,2,0,2,2,2,0,0,0,0,1,3,77.6,1863.69,0
1,1,1,1,14,1,0,2,1,1,1,1,1,1,2,1,3,26.49,373.13,0
0,1,0,0,0,1,2,1,0,0,2,0,2,2,0,0,2,112.39,0.0,1
1,0,1,0,27,1,2,1,0,2,0,0,2,2,0,1,0,103.9,2776.75,1
1,0,1,0,1,1,2,1,0,2,0,0,2,2,0,0,3,113.82,115.2,1
0,1,0,1,4,1,0,1,2,0,2,0,0,0,0,0,0,100.53,403.56,1
1,0,0,1,24,1,2,0,2,0,0,0,2,0,1,0,2,53.74,1271.78,0
0,0,0,1,67,0,1,1,0,0,0,0,0,2,0,0,3,88.26,5888.62,0
1,0,0,0,11,1,0,2,1,1,1,1,1,1,1,0,2,24.49,287.7,0
1,0,0,1,14,1,2,0,0,2,0,2,2,0,0,0,3,61.72,1077.4,0
0,0,0,1,17,1,0,0,2,0,0,2,0,2,2,1,3,91.22,1578.33,0
1,0,0,1,25,1,0,2,1,1,1,1,1,1,0,1,3,32.54,814.15,1
0,0,0,0,1,1,0,1,0,2,2,0,0,2,0,1,0,88.71,116.38,1
1,1,1,0,22,1,2,1,0,0,2,2,0,0,0,0,3,114.27,2522.6,1
0,1,1,1,49,1,2,2,1,1,1,1,1,1,2,1,1,23.05,1137.64,0
1,0,1,1,19,1,2,0,2,0,0,0,2,0,1,1,1,47.61,880.73,0
1,0,1,0,52,1,0,1,0,2,0,2,2,2,0,0,1,110.25,5719.23,0
1,0,1,1,72,1,0,1,0,0,2,2,0,2,0,1,1,125.75,9021.15,0
0,0,1,0,1,1,2,2,1,1,1,1,1,1,2,1,2,23.56,18.52,0
0,0,0,1,24,1,0,1,0,2,0,2,2,2,2,1,1,99.45,2421.2,0
0,0,0,1,11,1,0,2,1,1,1,1,1,1,0,0,1,23.72,250.69,1
1,0,0,0,19,1,2,1,0,0,2,0,0,0,2,1,0,89.73,1700.41,1
1,0,1,0,72,1,2,1,2,0,2,2,0,0,1,1,1,84.69,6108.9,0
0,0,1,1,7,1,0,0,2,2,2,0,0,2,0,1,2,70.49,504.66,1
0,1,1,1,25,1,2,1,2,2,0,0,0,2,2,1,2,109.33,2704.11,1
1,0,1,1,28,1,2,1,0,0,2,0,0,0,0,1,1,80.49,2263.02,1
1,1,0,1,39,1,0,1,0,0,2,2,0,2,2,0,2,108.44,4199.05,1
1,0,0,1,5,1,0,1,2,0,2,2,2,0,0,1,1,93.55,471.7,0
0,0,0,1,12,1,2,1,2,0,2,0,2,2,2,1,2,104.97,1234.09,0
1,0,1,1,21,1,2,0,2,2,0,2,0,0,0,0,1,67.6,1427.05,0
1,0,0,1,5,1,2,0,0,0,2,2,2,2,2,1,0,76.84,351.81,1
1,0,0,1,5,1,0,1,0,2,2,2,2,0,1,1,2,97.65,483.51,1
1,0,0,0,8,1,0,0,0,2,0,0,2,2,0,0,3,50.7,383.65,1
0,1,0,0,19,1,2,2,1,1,1,1,1,1,0,0,2,32.84,614.33,1
1,0,1,1,43,1,0,0,0,2,0,2,2,0,0,0,1,58.19,2486.91,0
0,0,1,1,4,1,2,0,2,0,2,0,0,0,1,0,1,74.61,281.76,0
1,1,1,1,17,1,0,1,2,2,0,0,2,2,0,1,2,119.89,2017.41,1
1,0,0,0,35,1,0,0,0,0,2,2,0,0,2,1,1,81.51,2856.31,0
1,0,0,0,61,1,0,1,2,0,2,0,0,0,2,0,0,98.71,5986.64,0
0,0,0,1,0,1,2,1,0,0,2,2,2,2,2,0,0,134.87,0.0,1
1,0,0,0,11,1,2,0,2,0,2,2,0,2,2,1,0,73.02,779.31,0
1,0,0,0,14,1,0,0,0,0,0,0,0,0,2,0,0,58.39,798.15,0
0,0,0,1,53,1,0,1,2,0,2,0,2,0,2,0,3,88.45,4706.58,0
0,0,1,1,12,1,0,1,0,2,0,0,2,2,0,1,0,117.06,1419.62,1
0,0,0,1,32,0,1,1,2,0,0,2,2,2,0,1,2,108.59,3499.39,1
1,0,0,1,18,1,0,0,2,2,0,2,2,2,0,0,0,76.14,1385.78,0
0,0,1,0,42,1,0,2,1,1,1,1,1,1,2,1,3,18.18,747.81,0
1,0,1,0,51,1,0,0,2,2,2,0,2,0,1,1,3,96.51,4891.17,0
0,0,1,1,4,1,2,0,0,2,2,0,2,0,0,1,2,57.75,248.84,0
0,0,0,0,28,1,0,1,0,0,0,2,0,0,0,0,3,89.49,2481.92,1
0,0,1,1,18,1,2,1,2,0,2,0,0,2,2,1,2,121.72,2208.14,0
0,0,1,1,7,1,2,1,2,2,2,0,2,0,1,1,3,87.25,593.77,0
1,0,0,0,13,1,2,1,0,2,0,2,2,0,2,1,3,89.04,1161.54,0
0,0,0,0,72,0,1,1,2,0,2,2,0,0,0,1,2,89.52,6437.27,1
1,0,1,1,58,1,0,0,2,0,0,2,0,2,0,0,3,76.06,4410.16,0
1,0,1,1,22,1,2,1,2,0,0,2,0,0,0,1,0,106.53,1077.4,1
0,0,1,0,0,1,2,1,2,2,2,2,0,2,2,0,2,112.73,0.0,1
0,0,0,0,10,1,0,2,1,1,1,1,1,1,1,0,0,34.02,343.47,0
1,1,0,1,22,1,0,2,1,1,1,1,1,1,0,0,0,21.62,476.21,0
0,0,1,0,15,1,0,0,0,2,2,2,2,0,2,1,2,80.76,1176.84,0
1,0,1,0,27,1,2,2,1,1,1,1,1,1,0,0,3,23.62,666.82,0
0,1,0,1,51,1,2,1,2,0,0,2,0,0,2,0,0,105.27,5362.26,0
0,0,1,0,20,1,2,0,2,2,0,2,0,2,1,0,2,88.35,1753.84,0
1,0,1,0,34,1,2,1,2,2,0,2,0,0,0,1,0,86.25,2902.85,1
0,1,0,1,24,1,0,2,1,1,1,1,1,1,0,1,2,26.67,660.74,1
0,0,0,0,55,1,0,2,1,1,1,1,1,1,0,1,1,20.86,1150.35,0
0,0,0,1,7,1,0,1,2,0,0,0,2,0,1,0,1,115.93,810.52,0
1,0,0,1,54,1,0,1,0,2,0,0,2,2,0,0,2,105.38,5695.73,0
1,0,1,1,10,1,0,1,0,2,2,2,2,2,0,1,1,97.65,996.22,1
0,0,1,1,12,1,0,2,1,1,1,1,1,1,2,0,1,29.29,381.92,0
1,0,0,0,16,1,2,0,0,0,0,0,2,2,0,1,1,53.03,880.29,1
1,0,1,0,15,1,2,1,0,0,2,2,0,2,2,1,1,83.44,1259.39,0
1,1,1,1,45,1,0,0,0,0,2,0,2,0,2,0,0,65.4,2916.96,0
1,1,1,1,31,1,2,1,0,2,2,0,2,0,0,1,2,110.33,3419.42,1
0,0,0,1,3,1,0,2,1,1,1,1,1,1,1,1,2,28.81,117.08,0
1,0,0,0,7,1,2,2,1,1,1,1,1,1,1,1,0,18.93,149.13,0
0,0,1,0,1,1,2,1,2,2,2,0,2,2,2,0,2,83.57,70.75,0
1,1,1,1,11,1,2,0,2,0,2,2,0,2,0,0,3,77.72,863.38,0
1,0,0,0,24,1,2,1,0,0,0,2,2,0,0,0,2,91.2,2181.76,0
0,0,0,0,2,1,2,0,0,0,0,0,2,2,1,0,0,58.24,146.43,0
0,1,1,0,7,1,2,1,0,2,2,2,2,2,1,0,3,97.22,671.26,0
0,0,0,0,56,1,0,1,2,0,0,2,0,0,0,1,1,117.46,6607.7,0
0,0,1,1,0,1,2,2,1,1,1,1,1,1,0,1,2,31.57,0.0,1
1,0,1,1,34,1,2,2,1,1,1,1,1,1,0,0,2,26.29,1077.4,0
0,0,0,0,13,1,0,0,2,2,2,2,2,2,1,1,1,87.59,1109.88,0
0,0,0,1,64,1,0,1,2,2,2,0,2,2,0,1,1,100.11,6419.27,1
0,0,0,0,1,1,2,1,2,2,2,2,2,2,2,1,2,125.1,122.51,0
0,0,0,0,40,1,0,0,0,0,0,2,0,0,0,0,2,56.75,2258.51,0
1,0,1,1,3,1,2,2,1,1,1,1,1,1,0,0,1,31.32,83.58,1
0,1,0,1,11,1,0,1,2,2,2,2,0,0,0,0,3,126.38,1377.65,0
1,0,1,1,13,1,2,1,2,0,2,2,0,2,0,1,1,123.35,1629.04,0
1,1,1,0,30,1,2,0,0,2,2,0,0,2,2,0,2,61.87,1874.05,0
0,0,0,1,23,1,2,1,0,0,0,2,0,2,2,0,3,106.59,2424.0,0
0,0,0,0,8,1,0,1,0,2,2,0,2,0,2,0,0,113.46,914.7,0
1,0,1,1,6,1,2,1,2,2,2,0,2,0,2,0,0,87.32,509.87,1
0,0,1,1,16,1,2,2,1,1,1,1,1,1,0,1,3,28.68,491.5,0
1,1,0,0,2,1,0,2,1,1,1,1,1,1,0,1,3,19.13,31.62,0
0,0,0,0,26,1,0,0,0,0,2,0,0,0,0,1,3,44.22,1143.81,0
1,1,0,0,4,1,2,0,2,2,2,2,0,2,2,1,3,85.28,329.98,0
0,0,0,0,25,1,2,2,1,1,1,1,1,1,0,0,0,25.38,611.86,0
1,0,0,1,58,1,0,1,2,0,2,0,0,2,0,0,2,102.95,5987.01,1
1,0,0,0,2,1,2,1,0,0,0,2,2,2,0,1,2,123.17,226.96,1
1,0,0,0,72,1,2,0,2,0,2,2,0,0,1,1,0,78.36,5643.04,0
1,0,1,0,9,1,2,0,0,0,0,2,2,0,0,0,0,53.71,474.59,0
1,0,0,0,2,1,2,1,0,0,2,0,0,0,2,0,3,111.69,190.08,0
0,0,1,0,0,1,0,2,1,1,1,1,1,1,0,0,2,33.69,0.0,0
0,0,1,0,14,1,2,0,0,0,2,2,2,2,0,1,2,87.18,1224.86,0
1,0,1,0,20,1,2,1,0,0,2,0,0,2,0,0,3,77.6,1572.91,0
0,0,1,1,11,1,0,1,0,2,0,2,0,0,1,1,3,94.72,1019.53,0
1,0,1,1,72,1,0,2,1,1,1,1,1,1,0,1,3,31.59,2274.99,0
1,0,0,0,13,1,0,1,2,0,0,0,0,0,0,1,0,80.5,1035.29,1
0,0,0,0,18,1,0,0,0,0,0,0,2,2,0,0,3,75.15,1357.29,1
0,0,1,1,8,1,2,2,1,1,1,1,1,1,1,0,1,22.89,149.76,0
0,0,0,0,6,1,2,1,0,0,2,2,2,0,1,1,1,95.19,572.78,0
1,0,1,0,15,1,2,2,1,1,1,1,1,1,0,0,0,23.23,373.35,0
1,0,0,0,4,1,2,0,0,2,2,0,0,2,1,0,1,59.14,215.9,0
0,0,1,0,19,1,2,2,1,1,1,1,1,1,0,1,2,18.2,322.23,1
1,0,0,0,34,1,0,2,1,1,1,1,1,1,0,1,2,26.3,919.53,1
1,0,1,0,1,1,2,1,0,2,0,2,0,2,1,1,1,95.35,73.38,0
0,1,1,1,6,1,2,1,0,2,0,0,0,2,2,1,1,88.12,557.22,0
1,0,1,0,51,1,0,2,1,1,1,1,1,1,2,0,1,33.64,1748.57,0
0,0,1,1,15,1,0,1,0,2,0,0,2,0,0,0,3,100.44,1514.71,0
1,0,0,0,4,1,2,0,2,0,2,2,0,0,0,1,2,67.47,282.86,0
1,0,0,1,32,1,2,1,0,2,0,0,2,0,1,1,1,113.44,3595.55,0
0,0,1,0,0,1,0,1,2,2,2,2,0,2,2,1,1,99.97,1077.4,1
1,0,0,0,1,1,0,0,0,0,2,0,2,0,0,0,0,83.99,54.17,1
0,0,1,1,44,1,2,0,2,2,0,0,2,0,0,1,3,88.24,3906.15,1
1,0,0,0,53,0,1,1,0,2,2,0,2,0,0,0,2,119.13,6327.06,0
0,0,0,0,26,1,2,1,0,0,0,2,2,2,0,0,2,121.08,1077.4,1
1,0,0,1,5,1,2,0,2,2,2,0,2,0,1,0,2,66.52,300.71,0
1,1,0,0,0,0,1,1,0,0,0,2,0,0,0,1,0,75.4,1077.4,0
1,0,1,0,20,1,0,2,1,1,1,1,1,1,1,1,0,23.64,471.07,0
1,1,1,1,29,1,2,1,2,2,2,0,0,0,2,0,2,106.4,3071.87,1
1,0,0,1,28,1,2,1,0,0,0,2,0,0,0,1,1,76.98,2142.55,0
1,0,0,0,19,1,2,0,2,2,0,0,0,0,0,0,2,59.19,1129.52,0
1,0,1,1,39,1,2,2,1,1,1,1,1,1,0,0,3,25.51,1009.9,0
1,0,1,0,26,1,0,0,0,2,2,2,2,2,1,1,2,70.48,1847.13,0
1,0,1,1,7,1,2,1,0,2,0,0,0,0,0,0,3,74.65,496.92,0
0,0,0,0,1,1,2,0,2,2,2,0,2,2,0,0,1,86.2,71.43,0
0,0,1,1,72,1,0,2,1,1,1,1,1,1,1,0,0,32.16,2348.77,0
1,0,0,0,22,1,2,1,0,0,2,0,2,2,0,1,2,101.18,2201.0,1
0,0,0,1,21,0,1,1,0,0,2,2,0,0,0,1,2,117.45,2471.2,0
0,0,1,0,39,1,2,0,2,2,2,2,2,2,2,1,1,70.6,2732.94,0
0,0,1,0,15,1,0,0,2,2,0,0,0,2,0,0,1,55.93,822.33,0
1,0,0,1,38,1,0,1,2,0,2,0,2,2,1,1,3,128.95,4889.0,0
1,0,1,1,1,1,2,1,0,2,0,0,2,2,1,1,1,92.13,94.04,0
0,0,0,1,56,1,0,0,0,2,0,2,0,2,1,0,0,57.22,3171.7,0
1,0,0,0,3,1,2,2,1,1,1,1,1,1,1,1,3,20.63,53.17,0
1,0,1,0,4,1,2,0,0,0,2,2,2,0,0,1,3,56.91,213.35,0
1,0,1,0,12,1,0,1,0,0,2,0,0,2,1,0,1,86.63,1050.78,0
0,0,0,0,5,1,2,1,2,2,0,0,2,0,1,1,2,91.1,465.74,0
1,1,1,0,48,1,2,2,1,1,1,1,1,1,1,0,2,32.66,1577.11,0
1,0,0,1,12,1,2,2,1,1,1,1,1,1,2,1,2,26.67,294.85,0
1,0,0,1,47,1,2,0,0,0,2,0,0,2,1,0,3,80.51,3789.7,0
1,0,1,0,17,1,0,2,1,1,1,1,1,1,0,0,0,27.94,505.67,1
0,0,1,0,52,1,2,1,0,0,2,0,2,2,0,1,0,123.36,6440.82,1
0,1,1,1,31,0,1,0,0,2,2,0,2,0,1,0,0,72.72,2274.75,0
1,0,0,0,2,1,2,2,1,1,1,1,1,1,0,1,2,26.97,46.62,0
0,0,0,0,8,1,2,0,0,2,2,0,2,0,0,1,0,59.89,500.17,0
1,0,1,1,26,1,0,1,2,2,0,0,0,2,1,1,3,107.73,2789.19,1
1,0,0,0,10,1,0,2,1,1,1,1,1,1,0,0,2,25.1,281.45,0
0,0,1,0,1,1,2,1,0,0,0,0,0,0,1,1,2,84.48,52.81,0
1,0,0,0,42,1,2,1,2,2,0,0,0,2,1,0,2,83.31,3521.5,0
1,1,1,0,24,1,0,1,0,2,0,2,0,0,0,0,2,117.82,2853.08,1
0,0,0,0,8,1,0,1,2,2,0,2,2,2,1,0,1,134.27,1079.3,0
1,0,0,0,8,1,0,1,0,2,2,0,2,0,1,0,0,98.23,755.25,0
1,0,1,0,16,1,2,1,0,0,2,2,0,0,2,0,3,100.3,1576.54,0
0,0,0,1,28,1,0,2,1,1,1,1,1,1,2,0,3,18.24,495.61,0
1,1,1,1,1,1,0,1,0,2,2,0,0,2,1,0,0,79.54,78.13,0
1,1,1,1,5,1,2,2,1,1,1,1,1,1,0,1,3,20.04,103.01,0
1,0,0,1,50,1,2,1,0,0,0,0,0,2,0,0,3,104.84,5209.06,1
0,0,1,1,33,1,0,2,1,1,1,1,1,1,0,1,2,23.91,755.55,1
1,0,1,0,2,1,2,0,0,0,0,0,2,2,0,0,0,69.28,129.26,1
1,0,1,0,1,0,1,1,0,0,0,0,0,0,0,1,2,83.41,97.9,0
0,1,1,0,0,1,0,0,2,0,0,2,2,0,1,0,1,60.29,0.0,1
0,0,1,1,22,1,2,0,2,2,2,2,0,2,0,1,2,80.85,1789.65,0
0,0,0,1,5,1,2,1,2,2,0,0,0,0,0,0,1,99.89,498.78,1
1,0,1,1,7,1,2,0,2,2,2,2,2,2,0,1,3,79.87,544.23,1
0,0,0,1,6,0,1,2,1,1,1,1,1,1,0,0,1,33.74,187.92,1
1,0,1,0,11,1,0,1,2,2,0,0,2,2,2,0,0,121.05,1306.74,0
1,0,1,0,14,1,2,2,1,1,1,1,1,1,2,1,2,23.4,305.99,0
0,1,0,1,37,1,2,0,0,0,0,0,2,2,1,1,0,65.44,2416.63,0
0,0,1,1,7,1,0,1,0,2,0,2,0,2,2,0,3,76.25,556.0,0
0,0,0,1,72,1,0,2,1,1,1,1,1,1,0,0,2,25.32,1855.19,0
1,0,1,0,68,1,2,2,1,1,1,1,1,1,1,0,2,29.27,1973.59,0
1,1,1,0,20,1,0,1,2,0,2,2,0,0,0,1,2,92.53,1829.07,1
0,1,0,0,5,1,2,1,0,0,0,2,2,0,1,0,0,98.66,524.6,0
0,0,1,1,6,1,2,0,2,2,0,0,2,2,2,1,3,59.74,329.38,0
1,1,0,0,26,1,0,1,2,2,0,2,0,2,0,1,2,93.54,2449.08,0
0,0,0,1,2,1,2,2,1,1,1,1,1,1,1,1,0,27.14,60.39,0
0,0,0,0,58,1,0,0,0,2,2,0,0,2,0,1,2,83.52,4816.85,1
1,1,0,1,32,1,0,0,2,2,2,0,2,0,1,0,1,58.38,1853.37,0
0,0,0,1,52,1,0,0,0,2,0,2,2,0,0,1,0,86.42,4472.07,1
1,0,1,0,38,1,0,2,1,1,1,1,1,1,1,0,0,19.87,750.8,0
0,1,1,0,18,0,1,0,2,0,0,0,0,2,0,1,0,56.05,995.8,0
1,0,1,1,37,1,2,1,0,2,0,2,2,2,1,0,1,120.83,4484.76,0
1,0,0,1,10,1,2,1,2,0,0,2,0,2,2,1,0,96.81,934.25,0
0,0,0,0,25,1,2,1,2,0,2,2,0,0,1,0,2,102.06,2578.97,0
0,0,0,1,33,0,1,0,0,0,0,2,2,0,0,0,3,58.12,1947.08,0
0,0,1,0,33,1,0,0,2,2,2,0,0,2,0,0,3,71.0,2308.48,0
1,0,1,0,35,1,2,2,1,1,1,1,1,1,0,1,0,24.32,870.34,0
0,1,0,1,6,1,2,2,1,1,1,1,1,1,1,0,2,20.21,136.36,1
1,1,0,1,1,1,2,2,1,1,1,1,1,1,1,1,3,27.04,14.22,0
1,0,0,0,3,1,0,1,2,2,0,0,2,0,0,1,1,119.6,364.99,1
0,0,0,0,44,1,0,1,0,2,0,2,2,0,0,1,0,84.93,3702.37,1
1,0,0,0,3,1,0,2,1,1,1,1,1,1,0,1,1,26.52,62.98,0
1,0,0,0,28,1,0,0,2,0,0,2,0,0,1,0,3,55.68,1593.54,0
0,0,0,1,7,1,2,1,0,2,2,0,2,2,2,1,3,88.44,587.35,0
0,0,0,0,18,1,0,1,0,2,2,0,0,2,2,0,2,99.58,1783.9,0
0,0,1,0,46,1,0,1,2,2,2,0,0,0,1,1,3,113.84,5239.41,0
0,0,1,0,68,1,0,1,2,0,0,2,0,0,1,0,3,91.88,6233.28,1
0,0,1,0,1,1,0,1,2,2,2,2,2,0,2,0,3,87.95,102.77,1
0,0,0,0,0,1,2,2,1,1,1,1,1,1,2,1,2,18.0,0.0,0
1,0,1,0,67,0,1,0,2,2,0,0,2,2,1,1,0,82.97,5539.63,0
0,0,0,1,29,1,0,0,2,2,2,2,2,2,1,1,1,95.49,2749.34,0
1,0,0,1,3,1,0,2,1,1,1,1,1,1,0,0,3,19.45,34.0,1
0,0,0,0,24,1,2,1,0,2,0,0,0,2,0,1,0,106.06,2518.63,1
1,0,0,0,0,1,2,0,2,0,0,2,2,2,0,1,3,74.42,0.0,1
1,0,1,0,2,1,0,1,2,0,2,0,2,0,1,0,2,89.92,188.5,0
0,1,1,1,31,1,2,1,2,0,0,0,2,2,1,0,0,105.45,3241.89,0
1,0,0,1,8,1,0,0,2,0,0,2,0,0,1,0,0,51.43,398.77,0
1,0,0,1,19,0,1,1,0,0,0,2,2,0,0,1,2,97.5,1853.86,1
1,0,1,1,43,1,2,0,2,2,0,2,0,0,0,0,2,70.72,3029.14,0
1,0,0,0,16,1,0,1,2,0,2,0,0,0,0,0,2,76.56,1226.86,1
1,0,1,1,0,1,0,1,0,2,0,2,0,2,0,0,0,92.19,0.0,0
1,0,1,1,22,1,0,1,2,2,0,0,2,0,0,0,0,114.55,2521.09,1
1,0,1,1,12,1,0,1,0,0,0,2,2,0,0,1,1,82.98,980.27,0
1,1,0,1,9,1,2,1,0,0,2,0,2,2,0,1,2,126.04,1124.07,1
0,0,1,0,39,1,0,1,2,0,2,0,2,0,0,0,3,97.71,3837.65,1
0,0,1,1,47,1,2,1,2,2,2,0,0,0,0,1,1,93.29,4349.82,0
0,0,0,0,8,1,0,0,2,0,0,2,2,0,1,1,0,77.25,623.84,0
0,0,1,0,7,1,2,0,0,2,0,0,0,0,0,0,0,55.13,373.69,1
1,0,1,0,3,1,2,0,0,2,2,0,0,0,0,0,1,67.56,215.75,1
0,0,1,0,8,1,2,0,2,2,0,2,2,0,0,0,0,79.19,646.94,0
1,1,0,1,0,1,2,1,2,2,0,0,2,2,0,0,3,99.02,0.0,1
1,0,0,0,23,1,0,1,2,2,0,0,2,0,0,1,0,86.0,1946.42,0
0,0,1,1,4,1,0,2,1,1,1,1,1,1,0,1,2,25.32,72.52,1
0,0,1,1,0,1,0,1,0,2,2,2,2,0,2,0,0,85.48,0.0,0
1,0,0,0,4,1,0,1,2,2,0,2,2,2,1,0,1,89.89,386.39,1
0,0,0,1,51,1,0,0,0,2,2,0,2,0,0,0,2,72.95,3695.2,0
1,0,0,0,72,1,2,1,0,0,2,2,0,2,0,1,2,113.84,8222.64,0
0,0,1,0,72,1,0,0,0,0,2,0,0,0,2,1,1,57.0,1077.4,0
0,0,1,0,17,1,0,1,0,2,0,0,0,2,0,1,2,88.25,1514.99,1
1,0,1,0,7,1,0,0,0,0,0,0,2,0,2,1,3,74.89,497.24,0
0,0,1,0,64,1,0,1,2,0,0,2,0,0,0,1,2,122.09,7793.85,0
1,0,1,0,3,1,0,2,1,1,1,1,1,1,2,0,2,18.42,67.69,0
0,0,1,0,14,1,2,0,0,2,0,0,2,2,0,0,1,65.7,895.99,0
1,0,1,0,13,1,2,2,1,1,1,1,1,1,0,0,2,29.77,378.53,1
0,0,0,0,17,1,2,1,2,2,2,2,2,2,1,1,3,117.95,1996.57,1
0,0,1,1,47,1,0,2,1,1,1,1,1,1,1,1,2,26.85,1231.4,0
0,0,1,1,11,1,0,1,2,0,0,2,0,2,1,0,2,120.43,1345.13,1
1,0,0,0,11,1,0,1,2,2,2,2,0,0,1,1,3,114.75,1275.81,1
0,0,1,1,2,1,0,1,0,2,0,2,2,2,0,1,3,101.14,168.57,1
0,0,1,0,4,1,0,0,2,2,2,0,2,0,2,0,0,85.67,341.32,0
0,0,0,1,6,1,2,1,2,2,2,0,0,0,1,0,3,121.08,744.44,1
0,0,0,0,13,1,0,1,0,2,2,2,0,2,0,1,3,96.94,1280.89,1
0,0,1,0,41,1,2,1,0,2,2,2,2,0,0,0,0,131.4,5369.74,0
1,0,1,1,13,1,0,2,1,1,1,1,1,1,1,1,2,28.97,384.57,0
1,1,1,0,38,1,2,2,1,1,1,1,1,1,0,0,2,22.54,881.19,0
1,0,0,0,3,1,0,1,2,0,2,0,2,2,2,0,2,106.13,336.76,1
0,1,1,0,2,1,2,2,1,1,1,1,1,1,0,0,3,33.01,79.3,0
1,0,1,1,48,1,2,0,2,0,0,2,2,2,0,1,2,59.11,2867.41,1
1,0,0,1,64,1,2,0,2,2,2,2,2,0,0,1,2,63.9,4106.57,0
0,0,1,0,14,1,2,0,2,2,0,0,2,0,0,1,2,81.84,1178.25,1
1,0,1,0,4,1,2,0,0,0,0,2,0,0,1,0,0,42.35,187.14,1
0,0,1,1,25,0,1,2,1,1,1,1,1,1,0,1,2,34.39,893.91,0
1,1,1,0,23,1,0,1,0,2,0,0,0,2,0,1,1,87.01,1971.27,1
1,0,1,0,5,1,0,2,1,1,1,1,1,1,1,0,0,23.66,108.19,0
1,0,0,0,5,0,1,1,0,0,2,2,2,0,1,0,2,109.43,1077.4,0
1,1,0,0,19,1,2,1,0,2,0,0,2,2,1,1,0,102.39,1914.21,0
1,1,1,1,19,1,2,2,1,1,1,1,1,1,0,1,1,19.91,357.1,0
0,0,0,1,53,1,0,1,0,0,2,2,0,2,0,0,1,117.25,6194.79,0
1,0,0,1,72,1,0,1,2,2,2,0,2,0,0,0,1,125.22,9039.93,0
0,0,0,0,4,1,2,0,2,2,2,0,2,2,0,0,1,102.18,1077.4,0
0,0,1,0,0,1,2,0,2,2,0,0,0,2,1,1,1,66.87,0.0,1
1,0,0,0,31,1,0,1,2,0,2,0,0,0,0,0,0,82.92,2542.48,0
1,0,1,0,3,1,2,0,0,2,0,2,2,0,0,1,2,84.69,246.08,1
1,0,1,0,35,0,1,1,0,0,2,2,0,0,2,1,3,117.59,4122.74,0
0,0,1,0,16,1,0,0,2,0,2,0,0,2,0,0,2,62.2,968.11,1
0,0,1,1,1,1,0,0,0,0,2,0,0,2,0,1,1,79.16,53.18,0
1,0,0,0,4,1,0,0,0,2,2,0,0,2,1,1,2,57.63,258.97,0
0,0,0,1,62,1,2,0,2,2,0,2,0,0,0,0,2,71.57,4419.69,0
1,0,0,1,57,1,2,1,0,0,0,2,0,2,2,0,0,82.9,4743.58,0
0,0,1,0,20,1,2,2,1,1,1,1,1,1,2,0,0,23.62,450.02,0
1,0,1,0,5,1,0,2,1,1,1,1,1,1,1,0,0,31.15,132.24,1
1,0,0,0,35,1,2,2,1,1,1,1,1,1,0,0,2,21.45,751.65,0
1,0,0,0,5,1,0,1,0,2,2,2,2,0,0,1,3,121.86,1077.4,1
1,0,1,1,4,1,0,0,2,2,2,2,2,2,2,1,0,71.98,266.74,1
0,0,1,1,21,1,2,0,0,0,0,2,2,0,0,0,3,53.29,1087.97,1
0,1,0,1,0,1,0,1,0,0,0,0,0,2,0,1,2,78.93,0.0,0
0,0,1,0,15,1,2,1,0,2,2,0,0,2,0,0,1,94.46,1392.38,1
0,0,0,1,53,1,0,1,2,0,2,2,0,0,1,1,3,81.76,4334.19,0
1,0,0,0,12,1,2,0,2,0,0,2,2,0,0,1,3,68.35,813.59,0
1,1,0,1,22,1,2,0,2,2,0,0,0,2,0,0,3,82.27,1795.14,1
1,0,0,1,41,1,2,1,2,0,2,0,0,2,0,1,3,98.29,4007.43,1
0,0,1,0,27,1,0,2,1,1,1,1,1,1,0,1,2,28.61,755.83,0
1,0,0,0,44,1,0,2,1,1,1,1,1,1,0,1,2,28.56,1283.1,0
1,0,1,1,20,1,2,0,2,2,2,2,0,2,0,0,3,93.42,1859.74,0
1,0,1,1,20,1,2,0,2,0,2,0,2,0,0,0,2,73.49,1487.67,1
1,0,0,0,16,1,0,0,2,2,2,2,0,0,0,1,3,82.77,1293.82,0
0,0,0,0,11,1,0,2,1,1,1,1,1,1,0,1,3,27.84,332.73,0
0,0,1,1,31,1,0,1,2,2,0,0,0,2,2,1,2,80.92,2479.5,0
0,0,0,1,5,1,2,2,1,1,1,1,1,1,1,1,3,20.37,97.17,0
1,0,0,1,3,1,0,1,0,2,2,0,0,2,0,1,2,94.23,249.64,1
1,0,1,0,13,1,0,0,2,0,0,2,2,0,0,0,0,59.44,781.78,0
1,0,1,1,33,1,2,1,0,0,0,2,2,2,1,0,2,122.99,4039.29,0
0,0,1,0,3,1,0,1,0,0,2,0,2,0,0,0,3,85.2,286.15,1
1,0,0,0,49,1,2,0,2,2,2,2,2,2,1,0,1,72.18,3527.0,0
0,0,1,0,51,1,2,1,0,0,2,2,0,0,1,1,2,77.7,3977.31,0
0,1,1,1,72,1,2,1,0,2,2,0,2,2,0,1,1,100.27,7252.68,1
0,1,1,0,5,1,0,1,2,0,2,2,2,0,0,1,0,115.12,546.04,1
1,0,1,1,30,0,1,0,2,0,2,0,2,2,0,0,2,90.13,2682.68,1
1,0,0,1,9,1,0,1,0,2,0,0,2,2,0,1,3,83.63,761.27,0
0,0,0,0,33,1,0,2,1,1,1,1,1,1,0,0,0,31.73,1054.35,0
0,0,0,1,1,0,1,0,0,0,0,2,2,2,0,0,1,83.68,96.17,0
0,0,0,1,36,1,2,0,2,2,2,2,2,0,2,0,1,91.0,3256.65,0
1,1,1,1,0,1,2,0,0,0,0,2,0,2,0,0,2,83.36,0.0,1
0,0,0,0,38,1,2,0,2,2,0,0,0,2,1,1,2,73.68,2819.57,0
1,0,0,0,36,1,0,2,1,1,1,1,1,1,0,1,0,33.97,1224.7,1
1,0,0,1,38,1,2,1,0,0,2,2,0,2,0,1,2,122.85,4649.54,1
1,0,0,0,1,1,2,2,1,1,1,1,1,1,1,1,1,28.7,5.52,0
0,0,0,0,34,1,0,1,2,0,2,2,2,0,0,1,3,131.57,4492.96,1
1,0,1,0,37,1,0,1,2,2,2,0,0,2,0,1,3,100.55,3736.38,1
1,0,0,0,5,1,0,0,2,0,0,0,0,0,0,1,3,67.02,352.82,0
0,0,0,0,72,1,2,0,0,0,2,2,2,2,0,0,3,62.96,4517.34,0
0,0,0,1,8,1,2,2,1,1,1,1,1,1,1,1,2,18.82,158.17,0
0,0,1,0,11,1,2,0,0,2,0,2,2,0,1,0,2,91.99,1027.16,0
1,0,1,1,6,1,0,0,0,0,0,0,0,0,0,1,1,43.04,284.09,0
1,0,1,1,7,0,1,1,2,0,0,2,0,2,1,0,1,99.65,724.98,0
0,0,1,1,0,1,0,1,2,2,2,2,0,2,0,0,2,127.57,0.0,1
0,0,1,1,17,1,0,0,0,2,0,0,2,0,0,0,2,61.38,1044.25,0
0,1,1,1,12,0,1,2,1,1,1,1,1,1,1,1,2,20.7,261.18,1
1,0,0,0,35,1,0,1,2,2,2,2,2,2,2,1,0,117.45,4116.74,0
0,0,1,1,7,1,2,2,1,1,1,1,1,1,0,0,3,33.28,212.86,0
0,0,0,0,15,1,2,0,2,0,2,0,0,2,0,0,2,91.65,1393.34,1
1,0,0,1,12,1,2,1,2,0,0,2,0,0,1,0,0,98.93,1174.65,0
1,1,0,0,21,1,2,2,1,1,1,1,1,1,0,0,1,34.37,696.89,0
0,0,0,0,12,1,2,1,0,2,2,0,2,0,0,0,2,83.5,1034.5,0
1,0,1,1,1,1,0,1,2,2,2,2,0,0,0,1,2,117.38,131.76,1
1,0,1,1,3,1,2,2,1,1,1,1,1,1,2,1,2,29.04,78.27,1
0,1,0,0,4,1,0,0,0,0,2,0,2,0,0,0,2,67.88,240.86,0
0,0,1,0,5,1,2,1,0,0,0,0,0,2,1,1,1,98.02,514.06,1
0,0,0,1,13,0,1,2,1,1,1,1,1,1,2,1,1,19.2,271.93,0
0,0,0,1,52,1,0,0,2,0,0,2,2,0,1,1,2,83.55,4355.38,0
1,0,1,1,11,1,0,1,2,0,2,2,0,2,0,0,2,121.69,1329.78,1
0,1,0,0,51,1,2,2,1,1,1,1,1,1,0,0,3,28.79,1495.58,0
0,0,1,0,2,0,1,0,2,0,0,2,2,2,0,0,3,52.92,102.05,0
0,0,0,1,40,0,1,0,0,2,0,0,2,0,1,0,2,55.17,2204.09,0
1,0,1,0,6,1,2,1,2,0,0,2,2,2,0,1,2,118.83,719.79,1
0,0,1,0,72,1,0,1,0,2,2,0,2,2,2,1,0,109.86,7931.8,0
0,0,0,0,1,1,2,0,2,0,0,2,0,0,0,1,2,85.11,88.68,0
0,0,0,1,25,1,2,1,2,2,2,0,2,0,0,0,3,100.59,2481.43,1
1,1,1,1,17,1,2,2,1,1,1,1,1,1,1,0,0,23.68,432.92,1
1,1,0,1,3,1,0,0,2,0,2,0,0,2,0,0,2,55.39,171.19,1
0,1,1,1,7,0,1,0,0,0,2,0,2,2,2,1,1,82.28,543.31,0
1,0,1,1,14,1,0,2,1,1,1,1,1,1,0,1,0,32.18,480.09,0
0,1,1,0,50,1,2,2,1,1,1,1,1,1,0,0,2,25.46,1307.4,0
0,0,0,0,6,1,2,0,0,2,2,2,2,2,0,0,0,77.99,493.51,1
1,0,0,0,25,1,0,1,0,0,0,2,0,0,2,1,0,78.84,1967.18,0
1,0,0,1,4,1,2,0,2,2,0,0,2,0,2,1,3,64.83,280.4,0
0,0,1,0,35,1,2,1,0,0,0,2,0,0,0,1,2,109.96,3839.33,1
0,0,0,0,20,1,0,1,2,2,2,2,0,2,0,0,2,90.17,1781.27,0
0,1,0,0,20,1,0,1,0,0,2,2,2,0,2,0,2,100.47,2015.12,1
0,0,0,0,41,1,0,1,2,0,0,2,0,0,2,0,3,106.36,4351.53,0
0,0,0,0,7,1,2,1,0,2,0,0,0,2,0,0,0,77.79,546.07,1
0,0,1,0,15,1,0,2,1,1,1,1,1,1,1,1,1,33.93,510.71,1
0,0,1,1,7,1,2,2,1,1,1,1,1,1,0,0,0,23.27,146.72,0
0,0,1,1,16,1,2,0,0,2,0,2,0,2,0,1,2,51.54,849.67,0
0,0,1,0,11,1,0,1,0,0,2,0,2,0,0,0,0,93.5,1036.9,1
1,0,1,0,1,1,0,2,1,1,1,1,1,1,0,1,3,33.63,47.8,0
0,0,0,1,1,1,2,1,0,0,2,0,2,2,0,1,2,114.16,114.38,1
0,0,0,0,18,1,0,0,2,2,2,0,0,2,0,1,1,61.6,1131.77,0
1,0,1,1,53,1,0,0,2,0,0,2,2,2,0,1,0,65.0,3437.63,0
1,0,1,0,68,1,0,1,0,2,0,2,2,0,0,1,1,85.43,5810.33,0
0,0,0,1,47,1,2,0,2,0,0,0,0,0,1,0,3,63.29,2966.68,0
1,0,1,0,28,1,2,1,2,0,0,2,2,2,0,0,3,109.45,3074.29,1
0,0,1,0,6,1,0,0,0,2,0,2,0,0,0,1,3,75.77,438.19,1
0,0,1,1,48,1,0,0,0,2,2,0,0,2,0,0,0,90.29,4350.66,0
1,0,0,1,24,1,0,1,2,2,0,0,0,2,1,0,1,92.93,2205.57,0
1,0,1,1,0,1,0,2,1,1,1,1,1,1,0,0,3,26.72,0.0,1
1,0,0,1,0,1,2,2,1,1,1,1,1,1,0,1,1,28.28,0.0,1
1,0,1,1,33,0,1,0,2,0,2,0,2,2,0,1,3,46.97,1553.27,0
0,0,0,1,17,1,2,1,0,2,2,0,2,0,0,1,1,87.17,1503.92,1
1,0,0,0,23,1,0,2,1,1,1,1,1,1,2,0,1,27.35,657.85,0
1,0,0,1,11,1,2,1,2,0,2,2,2,0,0,0,1,104.76,1173.59,1
1,0,1,0,7,1,2,0,2,0,0,0,2,2,0,0,0,91.29,638.47,1
1,0,0,1,1,1,2,0,0,0,2,0,0,2,1,0,0,58.27,90.55,0
1,0,1,0,9,0,1,0,2,2,0,2,2,0,0,0,3,81.63,708.42,0
1,0,0,1,52,1,2,0,2,2,2,2,2,2,1,0,2,76.31,3961.26,0
1,1,1,0,43,1,2,1,2,2,2,2,2,2,2,1,0,110.6,4763.12,0
0,0,1,1,4,1,2,2,1,1,1,1,1,1,2,0,1,31.43,127.79,1
1,0,0,1,0,1,0,0,2,0,2,2,2,2,0,0,2,80.58,0.0,1
1,1,0,0,11,1,2,0,0,0,2,0,2,0,0,0,2,74.63,844.13,1
0,0,0,1,41,1,2,2,1,1,1,1,1,1,2,1,3,19.42,828.03,0
1,0,1,1,41,1,2,0,2,2,2,0,2,2,2,0,1,68.3,2790.16,0
0,0,1,1,34,1,2,1,2,0,0,2,0,2,2,0,2,108.23,3663.44,1
0,0,0,0,15,1,2,1,2,2,2,0,0,2,0,0,2,90.06,1365.58,1
1,0,0,0,58,1,0,0,2,0,0,2,0,0,0,1,3,60.24,3499.95,0
1,1,0,0,15,1,0,1,2,0,2,0,2,2,0,1,3,96.06,1456.13,1
1,0,1,1,31,1,0,0,0,2,0,0,0,2,0,0,3,75.87,2385.11,0
0,1,0,0,0,1,0,2,1,1,1,1,1,1,2,0,2,22.7,0.0,0
0,0,1,1,7,1,0,0,2,2,2,0,2,0,1,1,2,87.27,610.43,0
1,0,0,1,22,1,0,2,1,1,1,1,1,1,2,1,3,26.4,566.96,0
1,0,1,0,26,1,2,1,2,0,2,0,0,0,1,1,0,100.83,2645.34,1
1,0,0,1,48,1,0,0,0,0,0,0,0,2,0,0,2,74.76,3573.68,0
0,0,0,0,7,0,1,1,0,2,2,0,2,2,1,1,3,103.81,739.38,1
1,1,1,0,15,1,2,2,1,1,1,1,1,1,0,1,0,24.71,379.03,1
0,0,1,0,13,1,2,0,2,2,2,2,0,2,0,0,2,90.93,1189.18,0
0,0,1,0,12,1,2,0,0,2,2,2,0,0,2,0,2,87.57,1081.03,0
0,1,0,0,31,1,0,0,2,2,0,0,0,2,0,0,3,87.0,2719.12,0
1,1,0,0,19,1,2,1,2,0,2,2,2,2,0,0,0,114.62,2197.77,1
1,0,0,0,13,1,2,1,2,0,2,2,0,0,1,1,0,117.45,1535.41,0
1,0,0,0,16,1,0,2,1,1,1,1,1,1,0,1,2,22.25,385.75,1
0,0,0,0,18,1,0,0,2,2,2,0,2,2,0,1,0,81.8,1494.12,1
1,0,0,1,24,1,2,1,2,0,0,0,0,2,1,1,2,110.89,2629.08,0
0,0,0,0,21,1,0,2,1,1,1,1,1,1,1,0,0,31.34,673.16,0
0,0,0,1,35,1,2,1,2,2,0,2,0,0,0,1,1,88.23,3091.09,0
1,0,1,0,2,1,0,2,1,1,1,1,1,1,0,1,2,25.23,36.64,0
1,0,0,1,1,1,0,0,0,0,0,0,2,0,1,0,3,50.09,67.61,0
1,0,0,0,28,1,2,0,2,0,0,2,0,2,0,1,2,79.53,2217.81,0
0,0,1,1,3,1,2,2,1,1,1,1,1,1,2,1,0,21.94,39.62,0
1,0,1,0,22,1,0,2,1,1,1,1,1,1,2,1,2,22.3,469.84,0
0,1,1,0,26,0,1,0,2,0,0,0,2,2,0,0,1,77.18,2010.7,1
1,0,0,1,15,1,2,2,1,1,1,1,1,1,2,0,0,28.74,458.42,0
1,0,0,1,67,1,0,0,2,2,2,0,2,2,1,1,0,103.97,6947.61,0
0,0,0,0,72,0,1,2,1,1,1,1,1,1,1,1,0,27.49,1950.05,0
0,1,1,0,32,1,0,2,1,1,1,1,1,1,2,0,3,30.0,938.94,0
1,1,1,1,72,1,2,0,0,2,0,2,0,0,2,1,3,57.67,4129.67,0
1,0,0,1,5,1,0,1,2,2,2,2,0,0,1,1,3,126.6,629.84,0
1,0,0,1,42,1,2,2,1,1,1,1,1,1,1,0,1,25.69,1098.38,0
0,0,0,1,3,1,2,1,2,2,2,2,0,0,0,1,3,115.76,337.54,1
0,0,0,0,17,1,0,2,1,1,1,1,1,1,1,1,2,31.19,538.59,0
0,0,1,0,24,1,0,1,0,2,2,2,0,2,0,0,2,109.68,2620.87,1
0,0,0,1,23,1,0,0,2,0,2,2,0,0,0,1,2,58.17,1313.17,0
0,1,0,1,3,1,0,1,2,0,2,0,2,2,0,0,3,106.12,331.32,0
0,0,1,0,10,1,0,0,2,2,0,0,2,2,0,0,2,94.99,934.59,1
1,0,1,1,3,1,2,1,0,0,2,0,0,0,0,0,2,105.07,296.03,1
0,0,0,0,1,1,0,1,0,2,0,0,0,2,2,1,2,82.02,73.66,1
1,0,0,1,19,0,1,0,0,0,0,2,0,2,2,0,2,65.34,1267.52,1
1,0,0,1,26,0,1,2,1,1,1,1,1,1,0,1,3,20.48,535.5,0
0,0,0,1,15,1,2,0,2,2,2,2,2,0,0,0,2,103.36,1553.03,1
1,0,1,0,72,1,0,1,0,2,0,2,2,2,0,0,2,96.21,6947.73,1
0,0,1,1,32,1,2,1,0,0,0,0,0,0,2,0,3,71.95,2289.52,0
0,0,1,0,72,1,2,0,0,2,0,2,2,2,1,1,1,67.08,4831.5,0
1,0,0,1,16,1,2,1,0,2,0,0,2,2,0,1,1,117.59,1851.18,1
1,0,1,1,36,1,0,0,0,2,0,2,0,2,2,0,3,61.55,2218.17,0
1,0,0,1,7,0,1,2,1,1,1,1,1,1,2,1,2,18.25,122.95,0
1,0,0,0,61,1,2,0,0,2,0,0,0,2,2,0,3,84.85,5189.59,0
0,0,1,1,72,1,2,1,2,0,0,0,0,0,1,1,2,80.83,5825.12,0
0,0,1,1,3,1,0,0,2,0,0,0,2,0,1,1,1,81.85,240.81,0
1,0,1,1,4,1,0,0,0,2,0,2,0,0,1,1,2,55.34,193.93,0
1,0,1,1,62,1,2,1,2,0,0,2,0,2,0,1,0,93.09,5799.15,0
0,0,1,0,5,1,0,0,2,2,2,2,0,2,0,1,2,73.74,394.44,0
1,0,0,1,6,1,0,0,0,2,0,0,0,0,0,1,0,76.85,470.78,0
0,1,1,0,3,1,0,1,2,2,2,0,0,2,0,0,0,122.55,380.18,1
1,0,0,1,4,1,2,0,2,0,2,2,0,2,0,0,2,73.88,291.25,1
1,0,0,1,26,1,2,2,1,1,1,1,1,1,2,0,2,21.82,551.16,0
0,0,0,0,24,1,2,0,2,0,0,2,0,2,0,0,0,82.61,1996.78,0
1,0,1,1,10,1,2,0,2,2,2,2,2,0,2,0,1,86.3,830.98,0
1,1,1,0,15,1,2,0,0,0,2,2,2,2,2,0,2,74.58,1150.41,0
1,0,1,1,19,1,0,1,2,2,2,2,0,2,0,1,2,111.84,2151.52,1
1,0,1,0,3,0,1,2,1,1,1,1,1,1,0,0,3,20.18,34.78,1
0,0,0,0,2,1,2,0,2,0,0,2,0,2,2,0,2,60.45,122.24,0
0,0,0,0,43,1,2,0,2,2,2,2,0,0,0,0,3,94.17,4024.85,0
1,1,1,0,18,1,2,0,2,0,0,0,0,2,0,0,2,68.68,1242.91,0
1,0,0,1,12,1,0,1,0,0,2,2,0,0,0,1,2,88.32,1085.64,0
1,0,1,1,72,1,2,1,0,0,2,2,2,2,1,0,0,104.05,7499.08,0
0,0,1,1,12,1,2,1,2,2,2,2,2,2,1,1,1,102.69,1228.49,0
0,0,1,0,33,1,2,0,2,2,2,2,2,0,0,0,0,91.07,3010.29,0
1,0,0,1,31,1,2,0,2,2,0,2,2,0,1,1,2,84.78,2620.08,1
0,0,0,0,10,1,2,1,0,0,0,0,2,2,1,1,3,103.03,1021.24,1
0,0,1,0,1,1,2,0,2,2,2,0,2,0,2,0,3,85.53,63.77,0
1,0,0,0,21,1,0,2,1,1,1,1,1,1,1,0,3,25.0,538.1,0
1,0,0,0,72,1,0,0,0,0,0,2,0,2,2,0,3,45.82,3297.86,0
0,1,0,0,26,1,2,1,0,2,0,0,2,0,2,0,1,106.64,2757.64,0
1,1,1,0,14,1,0,1,2,2,0,0,2,0,0,0,2,122.68,1716.58,1
0,0,1,1,72,1,0,1,0,0,2,0,0,0,0,0,1,77.22,5570.09,0
0,1,1,0,8,1,0,2,1,1,1,1,1,1,1,0,1,30.64,247.99,0
0,1,1,0,20,1,0,1,2,0,2,0,2,2,0,1,1,104.44,2108.73,1
1,0,1,0,38,1,2,0,2,2,2,2,2,2,0,1,2,71.14,2732.52,0
1,0,1,0,3,1,0,1,2,2,0,0,0,2,0,1,3,95.95,285.42,1
0,0,0,0,10,1,2,0,0,0,0,2,2,2,0,1,2,95.3,959.99,0
1,0,0,0,17,1,2,0,2,2,2,0,2,0,0,1,3,86.77,1442.69,0
0,1,1,1,4,1,0,0,0,2,0,0,0,0,0,1,0,42.71,204.09,0
1,0,0,1,19,1,0,2,1,1,1,1,1,1,2,1,2,28.83,576.24,0
1,0,0,0,24,1,0,0,0,0,0,2,2,2,0,0,0,60.43,1432.51,0
0,0,0,1,2,1,2,0,2,0,0,2,2,0,0,1,2,62.57,121.42,0
1,0,0,1,72,1,0,0,2,0,2,0,2,0,2,1,2,79.18,5686.0,0
0,0,0,0,6,1,0,1,2,0,2,0,2,2,0,1,2,87.56,560.11,0
0,0,1,0,0,1,0,2,1,1,1,1,1,1,0,0,1,28.2,0.0,0
0,0,0,1,29,1,2,1,2,0,0,0,2,2,1,1,1,90.58,2597.7,0
1,0,0,1,0,1,0,1,2,2,2,2,2,2,1,1,1,130.18,0.0,1
1,0,1,0,0,1,2,1,0,2,2,2,2,0,1,1,0,106.6,0.0,0
0,0,1,0,18,0,1,1,0,0,0,2,0,2,0,1,0,115.34,2110.23,1
0,0,1,0,0,1,0,0,0,2,0,2,0,0,1,1,2,54.32,0.0,0
0,0,1,0,62,1,2,2,1,1,1,1,1,1,0,1,0,25.79,1598.34,1
0,0,0,1,72,1,0,1,0,0,2,2,2,2,1,1,2,120.84,8679.07,0
1,1,1,1,27,1,0,2,1,1,1,1,1,1,0,0,3,18.8,475.54,0
1,0,0,1,5,1,2,2,1,1,1,1,1,1,0,0,3,21.8,133.0,0
0,1,1,0,47,1,2,0,0,0,2,0,0,0,2,1,3,60.11,2836.44,1
1,0,1,1,72,1,2,0,0,2,0,0,2,2,2,1,2,72.21,5219.36,0
0,1,1,1,6,1,2,1,2,0,2,0,0,0,0,0,1,107.03,659.11,1
0,1,1,0,2,1,0,1,2,0,2,0,2,0,2,1,2,103.65,226.41,1
1,0,0,0,56,1,2,2,1,1,1,1,1,1,0,0,0,23.79,1364.21,0
1,0,1,0,0,1,0,1,2,0,2,2,0,2,2,1,3,104.43,0.0,0
1,0,1,0,22,1,0,1,0,2,0,0,0,2,2,1,3,109.94,2389.25,0
1,0,1,0,38,1,0,0,2,2,0,2,0,0,2,1,2,71.71,2745.4,0
0,1,1,0,2,1,2,0,0,0,2,2,2,0,0,1,0,52.24,115.27,0
1,0,1,1,20,0,1,0,2,0,0,0,0,2,0,1,0,80.88,1585.55,0
1,0,1,1,32,1,2,1,0,2,0,0,0,0,0,0,3,97.75,3111.01,1
0,0,1,1,14,1,0,0,0,0,0,0,2,2,2,0,0,74.07,1068.89,1
0,0,0,1,52,1,0,1,2,0,2,0,0,2,0,0,2,101.49,5286.12,1
1,0,1,0,48,0,1,0,0,2,2,2,2,0,0,0,1,63.69,3068.53,0
0,0,1,1,31,1,0,1,0,2,2,0,0,0,0,0,3,94.09,2906.76,1
0,0,0,1,53,1,2,1,0,0,2,0,0,0,1,0,2,88.94,4681.06,0
0,0,0,1,0,1,2,0,0,2,0,0,0,0,2,1,2,47.45,0.0,0
1,1,1,0,7,1,0,1,2,2,0,2,0,0,0,0,1,96.98,685.42,1
0,0,0,1,16,1,0,0,2,2,0,0,0,2,0,0,2,66.87,1038.16,1
0,0,0,0,47,1,0,1,2,2,0,0,2,0,1,0,1,117.48,5525.81,0
1,0,1,1,6,1,2,1,2,0,0,0,0,2,0,1,1,113.88,660.98,1
1,0,1,0,23,1,0,1,0,0,0,2,2,0,2,1,2,75.05,1731.66,0
1,0,1,0,30,1,2,1,0,0,0,0,2,2,0,1,2,85.88,2579.45,1
0,0,0,0,55,1,2,1,0,0,2,2,0,2,1,0,0,116.37,6433.03,0
1,0,0,1,45,1,0,0,0,2,2,0,2,2,0,1,0,71.8,3243.44,0
0,0,0,0,21,1,0,1,0,0,0,2,0,0,1,1,0,88.43,1890.3,0
0,0,1,0,15,1,2,1,0,0,0,2,2,0,0,0,3,93.95,1411.37,1
0,0,1,0,11,1,0,0,0,2,2,2,2,0,1,1,3,85.08,1077.4,0
1,1,1,1,21,1,0,1,2,0,0,2,2,0,2,1,3,109.21,2321.91,0
0,0,1,1,45,1,2,1,0,2,0,2,2,0,1,0,2,99.89,4496.75,0
0,0,0,0,36,1,0,0,2,0,0,0,2,2,2,0,3,74.62,2695.73,0
0,0,0,0,71,1,0,1,2,0,0,2,0,2,2,0,2,95.38,6772.94,0
0,0,0,0,17,1,0,2,1,1,1,1,1,1,1,1,3,20.0,361.7,0
0,0,1,0,49,1,2,0,2,0,0,2,2,2,2,1,2,51.52,2557.34,0
0,1,0,1,15,1,0,2,1,1,1,1,1,1,2,0,0,33.72,481.3,0
0,0,1,1,6,1,2,1,2,0,0,0,2,2,2,0,0,106.99,653.57,0
1,0,0,0,19,1,0,0,0,2,2,2,0,2,1,0,2,78.34,1477.45,0
1,0,0,1,11,1,2,1,2,2,0,2,2,2,0,0,2,112.62,1217.97,1
0,1,0,1,21,1,2,1,0,0,0,0,0,0,0,0,1,65.1,1343.72,1
0,0,0,0,5,1,2,0,0,0,2,2,2,2,2,1,2,62.48,279.35,0
1,1,0,1,72,0,1,0,2,2,2,2,2,0,0,1,2,69.89,5002.26,1
1,0,1,0,9,0,1,2,1,1,1,1,1,1,1,0,3,27.55,262.73,0
1,1,0,0,0,1,2,0,0,2,0,2,0,2,0,1,2,65.89,0.0,1
0,0,1,1,12,1,2,2,1,1,1,1,1,1,1,1,1,25.62,318.34,0
1,0,0,0,72,1,0,0,0,0,0,0,2,2,0,0,2,78.75,5645.57,1
1,0,1,0,12,1,0,1,2,0,0,2,0,0,1,1,0,75.25,926.83,0
1,0,1,0,28,1,2,0,0,0,0,0,0,0,0,0,2,39.92,1083.87,1
1,0,0,1,2,1,2,1,2,0,0,2,0,2,1,1,2,86.97,144.18,0
1,1,1,0,48,1,2,0,2,2,2,2,0,0,1,0,3,58.89,2836.12,0
0,1,1,1,3,1,0,0,0,2,2,0,0,2,0,0,1,76.25,220.04,0
1,0,0,1,0,1,2,1,2,2,2,2,0,0,1,0,2,110.28,0.0,1
0,0,0,0,41,1,0,1,2,0,0,0,0,2,2,0,3,101.22,4140.97,0
0,0,1,1,18,0,1,1,2,0,0,2,0,0,0,1,3,93.79,1715.48,0
0,0,0,0,72,1,2,1,2,0,2,0,0,0,0,1,1,91.59,6625.94,0
1,0,1,0,4,1,0,1,2,0,0,0,0,0,0,0,0,95.55,385.65,1
0,1,1,1,17,1,2,2,1,1,1,1,1,1,2,1,1,23.07,425.42,0
0,0,0,1,12,1,2,2,1,1,1,1,1,1,0,1,0,23.28,290.09,1
1,0,1,0,67,1,2,0,2,0,0,2,2,0,0,1,3,67.27,4532.58,0
1,0,0,1,8,1,2,1,0,2,0,0,0,0,1,1,2,78.96,643.92,0
0,0,0,0,3,1,0,0,2,2,0,0,2,0,0,1,2,82.06,244.21,1
1,1,1,0,10,1,0,0,2,0,2,0,2,0,0,0,2,62.0,596.23,1
1,0,0,0,7,1,0,2,1,1,1,1,1,1,0,1,3,30.68,199.65,0
1,0,1,0,12,1,2,1,0,0,2,0,0,2,1,0,2,104.46,1270.68,0
1,0,1,0,21,1,0,1,0,0,2,0,2,0,1,0,3,80.03,1686.86,1
0,1,1,1,16,1,0,1,2,0,2,2,0,0,1,1,1,90.32,1452.35,0
1,1,1,0,32,1,2,0,2,2,0,0,2,2,2,0,3,93.71,2991.45,0
1,0,1,0,1,0,1,1,2,2,2,2,2,2,0,1,3,118.36,107.45,0
0,0,1,1,64,1,2,1,0,0,2,0,0,0,0,0,3,69.45,4431.3,0
1,0,0,0,60,1,2,1,2,2,0,2,0,2,1,0,0,105.44,6291.46,0
0,0,0,1,17,1,2,2,1,1,1,1,1,1,2,0,0,31.65,511.64,0
0,0,1,1,72,1,0,0,0,0,0,0,2,2,0,1,0,68.11,4894.04,0
0,0,0,0,14,1,2,1,2,2,0,0,0,2,0,1,0,83.39,1194.82,1
0,0,1,0,10,0,1,1,2,0,0,2,2,0,2,1,1,99.89,986.72,1
1,0,1,0,33,1,0,1,2,0,2,2,2,2,0,0,2,119.83,3925.9,1
1,0,0,0,1,1,0,1,0,0,0,0,0,2,2,1,2,93.15,111.83,0
1,0,0,0,6,1,2,0,0,2,2,2,2,0,1,0,3,77.61,479.19,0
1,0,0,0,60,1,0,0,2,0,0,0,2,2,1,1,0,51.94,3138.67,0
1,0,0,1,36,1,2,1,0,0,2,0,0,2,1,0,0,116.88,4216.45,0
0,0,1,0,72,1,2,1,2,0,2,2,0,0,0,0,2,120.86,8720.11,0
0,0,0,0,9,1,2,0,0,0,2,0,2,0,0,0,0,44.17,423.15,0
1,0,0,0,25,0,1,0,2,2,2,0,2,0,0,0,1,69.43,1753.18,1
1,0,1,1,72,1,0,2,1,1,1,1,1,1,1,1,0,30.82,2189.67,0
0,0,1,1,13,1,2,1,0,2,2,2,0,2,1,0,3,102.91,1341.54,0
0,0,0,0,16,1,2,1,2,2,0,0,0,2,1,0,1,102.65,1620.59,0
1,0,1,1,9,1,2,1,0,2,0,0,2,2,0,1,2,119.5,1074.89,1
0,0,0,1,33,1,2,1,2,0,2,2,2,0,0,1,2,111.84,3671.67,1
1,0,0,1,5,1,0,2,1,1,1,1,1,1,0,0,3,20.13,66.92,0
1,0,0,1,10,1,2,0,0,2,0,0,0,0,0,0,1,68.47,712.62,0
1,0,1,0,20,1,2,2,1,1,1,1,1,1,0,0,2,22.47,439.91,0
0,1,0,1,31,1,2,1,2,0,2,2,2,0,2,0,0,113.5,3533.45,0
1,1,0,1,21,1,2,0,2,2,0,2,2,0,0,1,1,54.11,1115.35,0
0,0,0,0,12,1,0,1,2,0,2,2,2,0,2,0,2,120.54,1446.47,0
1,0,0,0,15,1,2,0,0,0,0,0,0,2,2,0,3,53.57,822.78,1
1,0,1,1,49,1,2,0,2,0,2,0,2,2,0,1,3,90.53,4443.94,1
0,0,0,1,13,1,0,1,2,2,2,0,0,0,1,1,0,90.13,1196.75,1
1,0,0,0,6,1,2,2,1,1,1,1,1,1,0,1,3,27.36,140.3,1
1,1,0,1,19,1,0,1,0,0,0,0,2,0,0,0,3,103.65,1956.95,0
1,0,0,0,8,1,0,1,2,2,2,0,2,0,0,1,1,123.23,972.63,0
0,0,1,1,7,1,0,2,1,1,1,1,1,1,2,0,3,19.33,109.15,0
1,0,1,0,18,1,2,1,2,0,2,0,2,0,0,0,1,100.11,1780.74,1
0,0,0,1,26,1,0,1,2,0,0,0,0,2,2,0,2,89.24,2349.45,0
0,0,1,1,54,1,0,2,1,1,1,1,1,1,0,1,0,20.92,1160.82,0
0,0,0,1,18,1,0,0,2,2,0,0,2,2,0,1,3,90.08,1615.93,0
0,0,1,0,6,1,2,1,2,2,2,2,2,2,1,1,2,127.46,747.08,1
1,0,1,0,43,1,0,0,0,2,2,0,0,0,0,0,2,53.36,2313.15,0
1,0,0,1,35,1,2,0,0,0,2,0,2,0,0,1,1,82.75,2892.46,0
1,0,0,0,12,1,0,1,0,2,0,2,0,2,1,0,2,117.03,1432.63,1
1,0,0,0,6,1,2,1,2,2,0,2,0,0,0,0,1,115.43,679.9,0
0,0,0,0,72,1,2,0,0,0,2,2,2,2,0,1,3,83.62,6045.84,0
1,0,0,1,8,0,1,1,2,2,2,0,2,0,0,0,0,100.57,824.58,1
1,0,1,0,41,1,0,2,1,1,1,1,1,1,1,1,1,28.07,1157.72,0
1,1,1,0,20,1,0,1,2,0,0,2,0,0,0,1,3,92.02,1834.57,1
1,0,0,1,6,1,0,0,2,0,2,0,0,2,0,1,2,57.7,375.09,0
1,0,1,0,40,1,2,1,2,0,0,2,2,0,2,0,2,111.07,4443.35,0
0,1,0,1,1,1,0,1,0,2,2,2,2,2,0,1,3,130.51,135.54,1
1,0,1,0,72,1,2,1,2,2,0,2,0,0,0,1,1,116.6,8421.65,0
0,0,0,1,2,1,0,1,0,0,0,0,0,0,0,1,2,74.32,135.58,1
1,0,1,0,23,1,2,1,0,2,2,2,2,0,1,0,0,85.89,1963.29,0
1,0,1,1,26,1,0,2,1,1,1,1,1,1,2,0,3,25.07,643.23,0
1,0,0,0,17,1,0,2,1,1,1,1,1,1,2,1,0,30.01,510.62,0
0,0,0,0,63,1,2,2,1,1,1,1,1,1,0,0,1,34.27,2163.62,1
0,0,1,0,13,1,2,0,2,2,2,2,2,0,2,1,3,87.03,1163.91,0
0,0,0,1,72,1,2,0,2,2,2,0,0,0,1,1,1,82.44,5938.29,0
1,1,1,0,72,1,0,2,1,1,1,1,1,1,1,0,3,25.83,1858.56,0
0,0,0,0,3,1,0,1,2,2,0,0,0,0,2,0,2,103.28,324.26,0
1,0,1,0,34,1,0,1,2,0,0,0,2,2,2,0,1,84.9,2914.81,0
0,1,1,0,45,1,2,1,0,0,2,0,0,0,0,0,2,72.09,3234.08,1
1,0,0,0,32,1,2,1,0,0,2,0,2,2,0,1,2,115.99,3745.08,1
1,0,1,1,23,1,0,0,2,2,0,2,2,0,1,1,0,76.9,1767.96,0
1,0,0,1,4,1,0,1,2,2,2,2,2,2,0,0,3,107.64,400.37,1
1,0,0,0,6,1,2,0,2,2,2,2,2,0,0,1,3,97.1,612.25,1
0,0,0,0,27,1,0,1,0,0,2,2,2,0,2,0,2,96.67,2585.93,0
0,1,1,0,46,0,1,0,2,2,2,2,0,2,0,1,3,87.43,4012.62,0
1,1,0,0,0,0,1,0,0,0,0,2,2,0,1,1,0,71.55,0.0,0
1,0,0,0,26,1,2,0,0,0,2,0,0,0,0,0,0,75.37,1993.14,0
1,0,0,1,29,1,2,0,2,2,0,0,2,2,0,0,1,67.76,1940.05,0
0,1,0,0,0,1,2,2,1,1,1,1,1,1,2,1,2,34.18,0.0,0
0,0,1,1,5,1,0,2,1,1,1,1,1,1,0,1,3,27.03,132.43,1
0,0,1,1,26,1,0,0,0,2,0,0,2,0,1,1,1,87.84,2271.43,0
0,1,1,0,41,0,1,0,0,2,2,0,0,0,1,0,0,65.28,1077.4,0
1,0,1,0,19,0,1,2,1,1,1,1,1,1,0,1,2,23.57,416.49,0
0,0,1,1,20,1,2,1,0,0,0,2,0,2,1,1,2,106.42,2096.34,0
0,0,0,1,0,1,2,2,1,1,1,1,1,1,1,1,3,34.39,0.0,0
1,0,0,0,2,1,2,0,0,2,0,0,0,0,1,0,2,69.86,147.33,0
1,0,0,1,24,1,2,2,1,1,1,1,1,1,1,0,0,27.6,682.0,0
1,0,1,0,4,1,0,2,1,1,1,1,1,1,0,0,3,19.79,101.7,1
0,0,1,1,21,0,1,1,2,2,2,0,2,2,0,1,2,117.22,2427.99,1
0,1,1,1,9,1,0,0,0,0,0,2,2,0,1,1,2,57.86,493.08,1
1,0,0,0,6,1,0,0,2,2,0,2,2,0,0,0,0,83.76,479.0,0
0,1,1,0,37,1,0,1,0,2,0,0,0,0,1,1,0,113.36,4213.17,0
0,1,0,1,24,1,2,0,0,0,0,2,0,2,1,0,2,55.1,1077.4,0
1,0,0,0,43,0,1,2,1,1,1,1,1,1,2,1,0,33.82,1480.76,0
1,0,0,1,57,1,2,1,2,2,0,0,0,2,0,1,1,120.82,6854.39,1
1,0,1,1,25,1,0,2,1,1,1,1,1,1,0,0,2,31.94,832.84,0
1,0,1,1,69,1,2,0,0,2,2,0,2,0,1,0,3,68.56,4750.32,0
0,0,1,0,19,1,2,2,1,1,1,1,1,1,0,0,3,19.03,336.34,1
1,0,0,0,0,1,0,1,2,2,2,0,2,0,0,1,1,131.84,0.0,1
0,1,0,1,0,1,0,1,2,2,2,2,2,0,1,0,1,105.25,0.0,0
1,0,1,1,12,1,2,2,1,1,1,1,1,1,0,1,2,20.51,255.73,1
0,1,0,0,9,1,0,0,0,0,2,0,2,0,0,1,2,83.97,737.14,1
1,1,0,1,4,1,0,0,0,2,0,0,0,0,2,1,2,80.95,296.41,1
0,0,1,1,72,1,2,0,2,2,0,2,2,0,0,0,1,82.16,5905.65,0
0,0,0,1,7,1,0,1,0,0,2,0,0,0,2,0,0,93.12,670.63,0
1,0,0,0,14,1,2,0,0,0,0,0,2,2,1,0,0,83.05,1186.26,0
0,1,1,1,7,1,2,0,0,2,2,2,0,2,2,1,0,57.1,409.44,0
1,0,1,0,8,1,2,0,0,0,2,2,0,0,0,0,0,77.55,604.07,0
0,1,0,0,64,1,2,1,2,0,0,0,0,2,1,0,0,81.75,5257.47,0
0,0,1,0,16,1,2,1,0,0,2,0,2,2,0,1,2,109.77,1768.27,1
0,0,0,0,1,1,0,1,2,0,2,2,0,0,0,0,0,104.48,124.32,1
1,1,0,1,10,1,2,2,1,1,1,1,1,1,1,0,2,34.63,334.33,1
0,1,1,0,38,1,2,1,2,0,2,2,2,2,1,1,2,118.67,4486.41,0
0,1,0,1,55,1,0,0,0,0,0,2,0,2,0,0,3,69.22,3786.66,0
1,0,1,0,27,1,0,1,0,2,0,0,0,2,0,0,2,100.73,2727.66,1
1,0,0,1,29,1,0,0,2,0,0,0,0,2,1,0,1,80.51,2330.32,1
1,0,0,0,4,1,2,0,2,2,2,0,0,0,1,0,1,88.37,379.0,0
1,0,0,1,17,1,0,1,2,2,2,2,2,2,0,1,3,105.45,1779.47,1
1,0,0,0,35,1,2,1,0,2,0,0,0,0,1,1,1,72.62,2555.86,0
0,0,0,0,5,1,0,0,0,0,0,0,0,0,0,1,0,41.75,235.06,1
1,0,0,0,22,1,2,1,0,0,0,2,0,2,1,0,3,91.71,2027.8,1
1,1,1,1,0,1,2,0,2,0,0,0,0,2,0,1,1,52.19,0.0,0
1,0,1,0,6,1,0,1,2,2,2,0,0,0,1,0,0,122.4,704.22,1
0,0,1,0,12,1,0,2,1,1,1,1,1,1,1,1,2,34.81,409.27,0
1,0,0,0,0,1,0,1,0,0,2,0,0,2,1,1,3,119.24,0.0,1
1,0,0,1,26,1,0,1,2,2,2,2,0,0,2,0,2,126.3,3317.84,0
1,0,0,0,5,1,2,2,1,1,1,1,1,1,1,0,1,28.85,127.64,0
1,0,1,0,28,1,2,0,2,0,0,0,0,2,0,0,3,62.22,1709.91,0
0,0,0,1,65,1,0,0,0,0,0,0,2,2,0,1,1,67.37,4372.67,0
1,0,0,1,54,1,0,1,0,2,0,0,0,2,0,0,1,92.15,4984.97,0
1,1,0,1,38,1,2,1,2,0,0,2,0,0,2,0,1,91.38,3484.56,0
0,0,1,0,18,1,0,0,2,0,0,0,0,2,0,0,1,75.53,1350.36,1
1,0,1,1,72,1,0,0,2,2,0,0,2,0,1,0,3,77.03,5569.66,0
1,0,0,1,1,1,2,0,2,0,2,2,0,2,0,0,0,76.79,79.59,1
1,0,0,0,13,1,2,2,1,1,1,1,1,1,1,0,0,21.61,285.07,0
1,0,0,0,21,1,2,1,2,2,2,0,0,0,0,0,2,96.2,2016.59,1
1,1,0,1,16,1,0,2,1,1,1,1,1,1,0,1,2,20.28,331.81,1
1,0,0,0,19,0,1,1,0,0,0,2,2,0,0,1,2,105.66,2015.25,1
1,0,1,1,6,1,2,0,2,0,2,0,2,2,1,0,1,91.73,556.06,0
1,0,0,0,9,1,0,2,1,1,1,1,1,1,2,1,3,29.7,294.98,0
0,0,0,0,33,1,2,0,0,2,2,2,0,0,0,1,0,88.89,2953.51,0
1,0,0,1,2,1,0,1,0,0,0,0,2,2,1,0,0,109.93,192.36,0
1,0,0,1,69,0,1,0,0,0,0,0,2,0,2,0,2,73.14,5064.8,0
1,1,0,0,18,1,0,1,0,0,2,2,2,2,2,1,0,97.65,1769.45,0
1,0,0,1,10,0,1,1,0,2,2,2,2,2,0,1,2,102.67,1026.42,0
1,0,1,0,7,1,2,0,0,0,0,0,2,0,2,0,2,52.1,367.8,0
1,0,1,1,4,1,0,1,2,2,2,0,0,2,0,0,2,113.04,458.12,1
1,0,0,0,37,1,2,2,1,1,1,1,1,1,0,1,0,20.09,749.7,0
1,0,0,1,50,1,2,0,0,0,0,2,2,2,1,1,2,72.69,3636.65,0
1,0,0,0,22,1,2,2,1,1,1,1,1,1,0,1,0,30.7,674.08,0
0,0,0,1,7,1,2,2,1,1,1,1,1,1,2,1,1,24.2,147.26,0
0,0,0,0,17,1,0,0,2,2,2,2,0,0,2,0,3,53.27,919.79,0
1,0,1,0,0,1,0,0,0,0,0,0,2,0,2,0,2,58.92,0.0,0
1,0,1,0,3,1,0,1,2,2,0,0,2,0,2,0,2,90.59,301.26,1
0,0,1,0,7,1,2,1,2,0,0,0,0,0,2,1,1,103.1,719.84,0
0,0,1,1,22,1,0,2,1,1,1,1,1,1,0,1,3,34.8,758.84,0
0,0,0,1,2,1,0,1,2,2,0,2,0,2,0,0,3,122.02,233.85,1
1,0,0,1,9,0,1,1,2,0,0,2,2,2,0,1,2,124.82,1143.8,0
0,1,0,0,54,1,2,1,2,0,2,2,0,2,2,1,0,114.66,6182.45,0
0,0,0,0,27,1,0,0,2,0,0,2,2,2,0,1,2,83.72,2229.82,1
1,0,1,1,2,1,0,2,1,1,1,1,1,1,0,0,2,26.66,52.84,0
1,0,1,0,4,1,0,0,0,0,0,0,0,2,0,0,1,50.81,193.72,0
0,0,1,0,9,1,2,0,2,0,2,2,2,0,0,1,2,67.39,586.38,1
1,0,1,0,43,1,0,0,0,2,0,0,0,2,0,0,0,52.33,2243.15,1
0,1,0,0,29,1,2,1,2,0,0,2,0,2,2,0,2,111.59,3205.78,0
0,0,1,1,2,1,0,2,1,1,1,1,1,1,2,0,1,30.62,32.08,0
1,0,1,0,31,1,2,1,2,2,0,2,2,2,2,0,2,130.87,4058.57,0
0,0,0,0,34,1,0,0,0,0,2,2,0,0,0,1,3,81.07,2732.75,1
0,0,0,0,22,1,2,0,2,0,0,0,2,2,2,0,0,79.31,1773.49,1
1,1,0,0,16,0,1,2,1,1,1,1,1,1,1,0,0,26.91,434.62,0
1,0,1,0,21,1,0,1,0,2,2,2,2,0,1,1,2,128.2,2680.49,0
1,0,0,0,3,1,2,2,1,1,1,1,1,1,0,1,1,28.33,112.73,0
0,1,0,0,58,1,2,1,2,0,0,0,2,2,0,0,0,98.26,5688.77,1
0,0,0,0,40,1,2,0,2,0,2,2,0,0,1,0,3,88.74,3580.27,0
1,0,0,0,18,1,2,0,0,2,2,2,2,0,1,1,3,83.66,1509.73,0
1,0,1,1,7,1,2,2,1,1,1,1,1,1,1,1,2,34.47,229.19,0
1,0,0,1,2,1,0,1,0,0,2,2,2,0,0,0,3,98.65,173.24,1
0,0,1,0,10,1,2,2,1,1,1,1,1,1,2,1,1,22.33,242.84,0
1,1,0,0,13,1,0,0,2,0,2,2,0,0,1,0,2,78.26,995.24,0
0,1,0,0,1,0,1,1,2,0,0,0,2,0,0,1,1,113.66,138.34,1
1,0,0,1,0,1,2,0,0,0,0,2,0,2,0,0,0,81.19,0.0,0
1,0,0,0,10,1,0,1,2,0,2,2,2,2,1,1,2,123.24,1213.23,0
0,0,0,0,4,1,0,1,2,2,0,0,0,2,0,0,2,84.36,341.82,1
1,0,1,0,13,1,2,2,1,1,1,1,1,1,0,1,3,33.73,422.79,0
1,0,1,0,72,0,1,2,1,1,1,1,1,1,2,1,1,24.47,1740.45,0
0,0,0,0,0,1,2,1,2,2,2,2,2,0,0,0,3,133.87,0.0,1
1,0,0,0,21,0,1,0,0,0,0,2,0,0,1,0,1,63.27,1361.14,0
1,0,0,1,6,1,2,1,2,2,0,0,2,2,0,1,1,101.89,601.24,1
1,0,0,1,3,1,2,1,2,2,2,2,0,0,0,0,3,84.78,276.8,1
1,0,0,0,6,1,0,0,0,2,0,0,2,2,0,0,0,73.98,466.21,0
0,0,0,1,0,1,0,1,0,0,2,2,0,0,0,0,2,104.9,0.0,1
0,1,0,1,24,0,1,1,0,2,2,0,2,0,2,0,0,86.3,2103.43,0
1,1,1,1,37,1,2,1,0,0,0,2,2,2,0,0,2,87.88,3244.74,0
1,0,1,0,11,1,2,0,0,2,0,0,0,0,1,0,3,58.05,665.94,0
0,0,0,0,24,1,2,2,1,1,1,1,1,1,0,1,3,28.1,677.92,0
0,0,1,1,5,1,2,1,0,0,2,0,0,0,1,0,0,73.8,403.03,0
0,1,0,0,1,1,0,1,0,2,0,0,0,2,0,1,3,79.0,112.93,1
0,0,1,1,44,1,2,0,2,2,0,2,2,0,0,1,2,65.21,2876.32,0
1,0,0,0,7,0,1,1,2,2,2,0,2,0,2,1,2,112.35,803.9,0
1,0,0,1,7,1,2,1,2,0,2,0,0,2,1,1,0,93.0,685.48,0
1,0,0,0,8,1,0,2,1,1,1,1,1,1,2,1,2,29.29,218.82,0
0,1,1,1,19,1,0,1,0,2,0,2,0,0,1,0,2,87.12,1645.31,0
0,1,1,1,33,0,1,1,2,2,0,2,0,2,0,0,2,101.61,3359.73,1
0,0,1,0,10,1,0,0,0,2,2,0,0,0,2,0,1,49.55,488.55,0
1,0,0,0,2,1,2,0,2,2,2,2,2,0,0,0,0,60.16,122.5,1
1,0,1,1,49,1,0,1,2,0,0,2,0,0,0,0,2,104.08,5104.14,1
0,1,1,1,7,1,2,0,2,2,0,0,0,2,0,1,2,59.31,414.77,0
1,0,0,1,10,0,1,2,1,1,1,1,1,1,0,1,3,34.96,329.95,0
0,0,1,0,11,0,1,0,0,0,2,0,2,2,0,1,2,74.75,790.71,0
0,0,0,1,5,1,0,0,0,0,2,0,2,0,2,0,2,80.28,374.43,0
0,0,0,1,3,0,1,2,1,1,1,1,1,1,1,0,0,30.21,94.91,0
1,1,0,0,26,1,0,1,0,0,2,0,0,0,2,1,1,111.48,2932.31,0
1,1,0,0,53,1,0,1,0,2,2,0,2,0,2,0,2,96.63,5128.28,1
0,0,1,1,26,1,0,1,2,2,2,0,0,0,0,1,2,120.97,3119.39,0
1,1,1,1,57,0,1,1,2,0,0,2,2,0,0,1,2,104.27,5939.62,0
0,0,0,0,7,1,0,0,0,2,0,0,2,0,2,0,2,54.66,397.92,0
0,0,1,0,16,1,2,0,0,2,2,2,0,0,0,0,1,53.84,872.63,1
0,0,0,1,27,1,2,1,2,0,0,2,2,2,0,1,0,124.05,3321.24,0
1,0,0,0,30,1,0,2,1,1,1,1,1,1,0,1,3,20.78,625.64,0
0,0,1,0,7,1,0,0,2,0,2,2,0,2,0,0,2,85.23,616.18,1
0,1,1,1,41,1,2,1,0,0,0,2,0,0,2,1,2,95.95,3918.53,0
1,0,0,0,3,1,2,2,1,1,1,1,1,1,0,1,2,34.18,116.16,0
1,0,0,0,6,1,0,1,2,0,0,2,2,0,1,0,1,93.32,594.13,0
0,0,1,1,9,1,0,1,0,2,0,0,2,0,0,0,2,110.71,990.63,0
1,0,0,0,7,1,0,0,0,2,2,0,2,2,1,1,0,81.9,562.65,0
0,1,0,0,2,1,0,2,1,1,1,1,1,1,0,1,2,24.44,76.12,1
0,0,1,1,11,1,0,1,2,2,0,2,2,2,1,1,1,130.25,1428.97,1
1,0,0,0,20,1,2,1,0,2,0,2,2,2,0,0,2,106.89,2127.13,1
1,0,1,1,70,0,1,0,2,2,2,0,2,0,0,0,2,87.98,6131.58,0
0,0,1,0,43,1,2,0,2,0,0,2,0,2,0,0,3,86.09,3668.97,0
0,0,0,0,72,1,2,1,2,2,0,2,0,0,1,1,0,95.19,6854.24,0
1,0,1,1,11,1,0,0,0,2,0,0,2,0,0,1,3,74.75,834.28,1
0,0,1,0,30,1,2,1,0,0,0,2,0,2,0,0,2,90.27,2704.58,1
0,0,0,0,55,1,0,1,2,2,0,2,0,0,0,0,3,125.06,6864.06,1
1,0,1,0,23,1,0,0,0,0,2,2,2,2,0,1,3,81.8,1862.35,0
0,0,1,1,21,1,0,0,2,2,2,2,0,2,0,0,1,103.94,2200.76,0
1,1,0,0,53,1,0,2,1,1,1,1,1,1,0,1,2,24.98,1338.97,0
1,0,1,1,20,1,0,2,1,1,1,1,1,1,1,0,0,26.56,546.49,0
0,0,0,1,8,1,0,2,1,1,1,1,1,1,2,0,2,28.27,197.1,0
1,0,1,1,12,1,2,0,2,2,0,0,0,2,2,1,0,72.7,844.81,0
1,0,0,0,6,1,0,0,0,0,2,0,2,2,0,1,1,84.58,531.6,1
1,0,1,0,12,1,2,0,0,0,0,0,0,2,2,1,2,48.38,548.83,0
1,0,1,0,6,1,0,1,0,0,0,0,2,2,0,1,3,80.58,470.05,0
0,0,1,0,7,1,0,0,0,2,0,0,2,2,0,1,1,76.63,534.84,1
0,0,1,0,42,1,0,1,0,0,2,0,0,0,0,0,2,87.82,3668.41,1
0,0,1,1,13,1,0,1,2,2,0,0,2,0,2,1,3,112.13,1482.37,1
0,0,1,0,4,1,2,0,0,2,2,0,2,0,1,0,3,75.85,277.26,0
0,0,1,1,17,1,2,2,1,1,1,1,1,1,0,1,0,25.58,453.52,0
1,0,1,1,13,1,2,0,0,0,0,0,0,0,0,1,0,63.71,829.78,1
1,0,1,0,6,1,0,0,0,2,0,0,2,2,0,1,2,90.64,568.72,1
1,0,1,1,23,1,2,0,2,0,2,0,2,2,0,0,3,52.75,1186.13,0
1,1,0,1,2,1,0,2,1,1,1,1,1,1,0,1,2,20.15,42.95,0
0,0,1,0,15,1,2,1,0,2,2,0,2,0,0,0,2,116.19,1728.86,1
0,0,0,0,4,1,2,2,1,1,1,1,1,1,1,0,2,25.57,76.54,0
1,1,1,1,13,1,0,0,0,2,2,0,2,2,0,0,0,71.07,951.44,0
0,1,0,0,11,1,2,1,2,0,2,0,2,2,0,1,3,130.23,1436.38,1
0,0,1,0,14,1,2,2,1,1,1,1,1,1,0,1,3,26.4,343.18,0
0,0,1,0,32,1,2,1,0,0,2,0,2,0,1,0,2,77.95,2478.55,0
0,0,0,1,64,1,2,0,0,2,2,0,0,0,0,1,0,81.37,5189.25,1
0,0,1,1,3,0,1,2,1,1,1,1,1,1,1,1,1,18.44,23.36,0
0,0,1,1,72,1,2,0,0,0,2,0,0,2,2,0,0,64.53,4657.45,0
0,0,0,1,2,1,2,0,2,2,0,2,0,0,0,1,2,68.68,103.71,1
0,0,0,0,72,1,0,0,2,2,0,0,0,0,1,0,1,47.27,3377.21,0
1,0,1,1,9,1,0,0,2,2,2,0,0,0,0,0,0,78.97,704.14,0
0,0,0,0,0,1,2,2,1,1,1,1,1,1,0,1,2,32.67,0.0,1
0,0,0,0,9,1,2,2,1,1,1,1,1,1,0,0,3,19.4,156.46,1
0,0,1,1,8,1,0,2,1,1,1,1,1,1,0,1,1,18.78,159.79,1
1,0,1,0,22,1,2,1,2,2,2,0,2,2,0,1,3,134.69,2964.05,1
1,1,1,1,38,0,1,1,2,2,2,2,2,0,2,1,2,115.45,4364.92,1
1,0,1,1,1,1,0,2,1,1,1,1,1,1,2,1,3,20.53,3.2,0
0,0,1,0,5,0,1,1,0,0,0,2,0,0,1,0,2,102.1,494.07,1
0,0,1,1,2,1,2,2,1,1,1,1,1,1,1,0,2,29.14,42.46,0
0,0,1,1,72,1,2,2,1,1,1,1,1,1,1,0,2,18.86,1331.98,0
1,0,0,1,21,1,0,0,2,0,0,0,2,0,0,1,2,77.37,1608.27,1
1,0,1,1,53,1,0,1,0,0,0,2,2,0,2,0,2,96.97,5172.13,0
1,0,1,1,22,1,2,1,2,2,0,0,0,0,0,1,2,108.21,2365.22,1
1,0,1,0,11,1,0,0,2,0,0,0,0,0,2,0,2,75.58,859.24,1
1,0,1,1,70,1,2,0,0,0,0,2,2,0,0,1,0,52.89,3736.61,0
1,0,1,1,2,0,1,0,0,2,0,0,0,0,1,1,3,60.16,112.65,0
1,0,1,1,12,1,0,0,0,2,2,2,2,2,0,0,3,68.15,825.06,0
0,0,0,0,5,1,0,0,2,0,0,0,2,0,2,1,0,62.37,330.64,0
1,0,0,1,20,1,0,2,1,1,1,1,1,1,0,1,1,20.37,377.13,0
1,0,0,1,10,1,2,2,1,1,1,1,1,1,1,0,1,28.67,307.77,0
1,0,0,0,25,1,2,0,2,0,2,0,2,2,0,0,2,93.37,2358.67,1
0,0,1,0,12,1,0,1,0,0,0,0,0,2,2,0,2,106.97,1282.82,0
1,0,1,1,3,1,2,2,1,1,1,1,1,1,0,1,2,33.98,117.91,1
1,0,1,0,9,1,2,1,2,2,0,2,2,0,2,0,3,100.97,893.23,0
0,0,0,0,7,1,2,0,0,2,2,2,0,0,1,1,0,66.66,455.74,0
1,1,0,1,9,1,0,2,1,1,1,1,1,1,1,0,3,23.15,190.53,0
0,0,0,0,5,1,2,1,2,2,0,2,2,0,0,0,0,80.58,413.29,1
0,0,1,1,72,1,2,0,2,0,2,0,0,0,0,0,2,75.19,5407.21,1
1,0,0,0,9,1,2,0,0,0,0,2,2,0,0,0,2,79.66,701.54,1
0,0,0,0,62,1,2,2,1,1,1,1,1,1,0,1,1,28.48,1778.23,0
0,0,0,0,10,1,2,2,1,1,1,1,1,1,2,0,1,20.91,204.38,0
1,0,0,0,72,1,2,1,0,0,0,0,2,2,2,1,3,96.57,6947.12,0
1,0,0,0,29,1,2,1,2,0,2,2,0,0,0,0,0,103.39,2999.84,0
1,0,0,0,58,1,2,1,2,2,2,2,2,0,2,1,1,98.04,5661.4,0
1,0,0,0,9,1,2,0,0,0,0,0,2,0,2,1,2,68.55,595.92,0
1,0,0,0,4,1,0,1,0,2,2,2,0,2,2,0,0,87.94,345.61,0
0,0,0,0,14,1,2,0,0,0,0,0,2,0,0,1,3,75.11,1029.89,1
0,0,1,0,30,1,0,2,1,1,1,1,1,1,0,0,2,23.71,707.52,1
1,0,0,0,10,1,2,1,2,2,0,0,0,2,2,0,0,124.23,1268.55,1
1,0,0,0,40,0,1,0,0,2,2,0,0,2,0,0,1,68.96,2729.06,0
1,0,0,1,11,1,0,0,2,2,0,0,2,0,2,0,1,67.85,719.94,0
1,1,0,1,0,1,2,1,2,2,0,0,2,0,0,0,2,97.34,0.0,0
0,0,0,1,24,1,2,0,2,0,2,2,2,0,0,1,1,90.69,2160.11,1
1,0,0,0,24,1,0,1,0,2,0,2,2,0,0,0,3,93.02,2257.93,0
0,0,1,1,31,1,0,1,0,2,0,2,2,2,1,0,3,120.14,1077.4,0
0,0,0,1,5,1,0,1,2,2,2,0,2,0,0,1,0,111.45,539.0,1
0,1,1,0,7,1,2,0,0,2,2,0,0,2,0,0,2,49.52,315.33,0
0,0,1,1,72,1,0,0,0,2,0,2,2,0,0,0,3,50.8,3639.71,0
0,1,1,0,37,1,0,2,1,1,1,1,1,1,0,0,3,25.6,957.07,0
1,0,0,0,32,1,0,0,2,2,0,0,2,0,0,1,3,56.38,1789.52,0
0,0,1,0,32,1,0,0,2,2,2,0,0,0,1,0,1,63.53,2064.48,1
0,0,0,0,11,1,2,2,1,1,1,1,1,1,0,1,3,26.32,277.64,0
0,0,1,0,19,1,2,0,2,0,2,0,2,2,0,1,2,82.64,1568.55,1
1,1,1,0,16,1,0,2,1,1,1,1,1,1,2,0,1,33.57,507.07,0
0,1,0,1,1,1,0,1,2,2,0,0,2,0,1,1,3,113.72,109.92,0
1,0,1,0,16,1,2,1,0,0,2,0,0,2,0,0,3,107.99,1746.2,0
1,0,0,0,1,1,2,0,0,0,0,2,2,2,0,0,3,70.27,68.74,1
0,0,0,1,4,1,0,0,0,0,2,0,0,0,0,0,3,66.89,252.29,1
0,0,1,0,26,1,0,2,1,1,1,1,1,1,1,0,3,29.39,774.62,0
0,0,0,0,5,0,1,2,1,1,1,1,1,1,0,0,2,23.94,134.9,0
0,1,1,0,21,0,1,2,1,1,1,1,1,1,0,0,3,23.63,465.71,0
0,0,1,1,52,1,2,0,2,2,2,2,0,2,2,0,0,61.24,3193.9,0
0,1,1,1,13,1,2,0,0,0,2,0,0,2,2,1,0,57.5,764.22,0
0,0,0,1,23,1,0,0,0,0,0,0,2,2,2,1,3,67.08,1560.31,0
1,0,0,1,7,1,0,1,2,2,0,2,2,0,2,0,0,106.29,727.77,0
1,0,0,1,20,1,0,0,2,2,0,0,2,0,1,1,2,76.91,1545.2,1
0,0,0,0,58,0,1,1,2,0,0,0,2,2,0,0,1,126.68,7318.14,1
1,0,0,0,2,1,2,1,0,0,2,0,2,0,0,1,0,79.08,158.46,1
1,0,0,0,4,1,2,1,0,2,2,0,0,2,0,1,0,111.46,463.02,1
1,1,1,0,11,1,2,0,2,0,2,2,2,2,0,1,1,60.09,669.6,1
1,1,0,1,15,1,0,1,0,2,0,0,0,0,2,1,3,99.05,1515.85,0
1,1,1,1,72,1,2,2,1,1,1,1,1,1,1,1,0,27.7,2012.1,0
1,0,1,0,34,1,2,2,1,1,1,1,1,1,0,0,1,26.08,914.42,0
1,0,1,0,37,1,2,0,2,0,2,2,0,0,1,0,2,65.35,2398.43,0
1,0,0,0,31,1,0,1,2,2,0,0,2,2,2,0,1,84.58,2600.38,0
1,0,0,0,50,1,2,0,2,2,0,2,2,2,1,1,0,90.26,4514.22,1
0,0,0,1,23,1,0,2,1,1,1,1,1,1,0,0,3,25.91,1077.4,0
0,0,0,0,26,1,0,1,0,2,0,2,2,0,2,0,2,92.56,2436.04,0
0,1,1,1,26,1,0,2,1,1,1,1,1,1,1,1,1,19.83,498.03,0
0,1,1,1,8,1,2,0,0,2,0,2,0,2,2,1,2,61.23,501.7,1
1,0,1,1,3,1,2,1,0,0,0,0,0,2,2,1,0,82.89,224.88,1
1,0,1,1,13,1,0,0,2,0,2,0,0,0,0,1,1,54.65,725.83,0
1,0,0,1,11,1,0,1,0,0,2,2,0,2,2,0,1,117.78,1273.92,0
0,0,1,1,9,1,0,0,0,2,2,2,2,2,0,1,2,72.98,660.89,1
1,0,1,0,72,1,0,2,1,1,1,1,1,1,0,1,1,33.7,2426.73,0
1,0,1,1,39,1,2,0,0,2,2,2,0,2,0,0,2,79.32,3118.62,1
1,0,0,0,1,1,2,1,0,0,2,2,0,0,2,1,0,86.14,81.56,1
1,0,1,0,20,1,2,1,0,2,2,0,2,0,0,0,1,92.95,1892.57,1
0,0,0,0,6,1,0,0,2,0,2,0,0,0,0,1,1,65.29,421.36,1
0,0,1,1,33,1,2,1,0,0,0,2,2,2,2,0,1,107.42,3576.15,0
0,0,1,1,1,1,2,0,2,0,2,0,2,2,2,0,1,60.73,91.53,0
0,0,1,1,0,1,2,2,1,1,1,1,1,1,2,0,2,34.75,0.0,0
1,1,1,1,26,1,0,1,0,2,0,2,2,0,1,0,1,101.34,2652.96,0
0,0,1,1,9,1,0,1,0,0,0,2,0,2,1,0,3,78.85,732.82,1
1,0,1,0,20,1,0,1,0,0,2,0,2,2,0,0,3,109.07,2202.05,0
0,0,0,1,3,0,1,1,0,0,0,0,2,2,0,1,2,99.56,331.79,1
0,0,0,1,21,1,2,1,0,2,0,2,2,2,0,1,2,94.23,1976.72,1
1,0,1,0,19,1,0,0,0,2,2,0,0,0,0,0,2,74.91,1393.23,1
0,0,0,1,1,1,0,2,1,1,1,1,1,1,1,0,2,21.48,29.83,0
1,0,0,0,2,1,2,1,0,0,0,2,2,2,0,0,1,115.08,212.21,0
0,0,0,1,11,1,2,1,0,0,0,0,0,2,0,1,3,83.2,925.68,1
1,0,1,0,3,1,0,0,0,2,0,2,2,2,2,0,2,84.03,235.33,0
1,0,0,1,1,1,2,2,1,1,1,1,1,1,0,1,1,34.98,16.71,0
1,0,0,1,19,1,0,1,2,0,2,2,2,0,0,1,0,102.05,1940.46,1
1,0,0,1,72,0,1,2,1,1,1,1,1,1,2,1,2,33.41,1077.4,0
0,0,1,1,24,0,1,1,0,0,0,0,0,2,0,1,0,106.15,2519.2,1
1,0,1,1,7,1,2,1,2,0,0,2,0,0,0,0,2,83.53,571.73,1
0,0,0,0,17,1,0,2,1,1,1,1,1,1,0,0,0,32.76,569.94,0
0,0,1,1,67,1,2,1,2,2,0,2,0,2,2,0,0,94.33,6317.91,0
0,0,0,0,12,1,0,0,2,2,2,0,0,0,1,1,0,85.72,1055.97,0
0,0,1,1,59,1,0,0,0,2,0,2,2,0,0,0,2,70.49,4150.88,0
0,0,0,1,51,1,0,0,0,0,2,0,2,0,1,0,2,46.13,2386.04,0
0,0,0,0,2,0,1,0,0,0,0,0,2,2,0,1,1,51.5,129.11,0
0,0,0,1,31,1,2,1,0,0,2,0,2,0,0,0,2,102.67,3207.77,1
1,0,1,1,16,1,0,0,0,0,0,0,2,0,1,1,1,64.63,1032.43,0
1,1,0,1,8,1,0,0,0,0,0,0,0,2,0,0,1,78.86,601.69,1
0,0,1,0,22,1,0,1,0,2,2,2,0,2,1,1,3,92.14,2018.64,0
1,0,1,1,2,1,0,0,0,0,2,0,2,0,0,1,1,59.35,123.76,1
1,0,0,0,11,1,2,2,1,1,1,1,1,1,2,1,0,30.55,322.78,0
0,0,1,0,26,1,0,1,2,0,2,0,0,2,2,0,2,107.18,2820.31,0
1,0,1,1,10,1,2,0,2,2,2,0,0,2,0,0,1,64.29,647.76,1
0,1,0,0,22,1,0,1,2,2,0,2,2,0,2,1,0,107.94,2356.36,0
1,0,0,1,36,1,0,1,0,2,2,0,2,2,1,1,2,124.02,4431.39,0
0,0,0,0,72,1,2,2,1,1,1,1,1,1,1,0,0,18.49,1346.11,0
1,0,0,0,23,0,1,0,0,2,2,0,0,2,0,1,2,65.62,1483.52,1
0,0,0,1,10,1,0,1,0,2,0,0,2,0,1,1,2,91.25,928.47,0
1,1,1,1,45,1,0,1,0,2,2,0,0,0,0,1,0,77.47,3507.87,0
1,0,0,0,13,1,2,0,0,2,2,2,2,0,1,1,0,71.05,925.65,1
0,0,0,1,20,1,2,0,2,2,0,2,2,2,0,1,0,81.27,1638.39,0
0,1,0,0,10,1,0,1,2,0,2,0,2,0,2,0,2,117.13,1159.01,0
1,1,1,0,2,1,0,1,0,2,0,2,0,0,0,1,0,106.19,209.99,1
1,0,1,1,11,1,0,1,0,0,0,0,0,0,0,0,3,101.86,1137.46,1
1,0,1,0,1,1,2,1,2,2,0,2,0,0,2,0,2,106.82,93.25,1
0,0,0,0,20,0,1,1,0,2,0,2,0,0,2,0,2,113.73,2241.08,1
1,1,0,0,54,1,0,0,0,2,0,2,0,0,1,0,2,64.74,3523.61,0
0,0,0,1,52,1,2,1,2,0,2,0,2,0,1,1,1,113.03,5846.42,0
0,0,0,1,72,1,2,0,2,0,2,0,0,0,2,1,1,56.55,4092.06,0
0,0,1,0,72,1,2,2,1,1,1,1,1,1,0,0,2,18.3,1285.75,0
0,1,0,1,16,1,2,1,0,2,0,0,2,0,2,1,2,87.22,1428.17,1
0,1,1,1,29,0,1,1,0,0,2,2,0,0,1,0,1,76.64,2218.99,0
0,0,0,1,3,1,0,0,2,0,2,0,0,0,2,1,2,60.1,192.51,0
1,0,1,1,13,1,0,1,2,2,0,0,0,2,1,0,3,119.54,1577.23,0
1,0,0,0,29,1,2,1,0,2,0,2,0,0,1,0,3,90.06,2577.22,0
1,0,0,0,51,1,0,1,2,2,0,0,0,2,1,1,2,92.31,4705.54,1
0,0,0,1,13,1,0,1,0,0,2,2,0,0,0,0,1,115.38,1469.16,1
0,0,1,0,24,1,0,0,2,0,0,0,2,2,1,0,1,78.26,1905.95,1
0,0,1,1,67,1,0,0,0,2,0,2,0,0,0,0,0,61.27,4084.27,0
1,0,1,0,32,1,2,0,2,0,2,0,0,0,0,1,0,81.21,2621.83,1
0,0,1,0,11,0,1,0,0,2,0,2,0,0,0,0,1,47.27,527.54,1
0,0,1,0,60,1,0,0,2,0,2,2,2,2,1,0,3,91.05,5464.71,0
0,0,0,1,47,0,1,0,0,0,0,2,0,0,0,1,2,54.94,2563.89,0
0,0,0,0,2,1,0,0,2,2,0,0,0,0,1,0,1,62.49,120.93,1
0,0,0,0,47,1,0,1,2,0,0,2,2,2,0,1,2,113.23,5349.46,1
1,0,0,0,16,1,2,2,1,1,1,1,1,1,1,0,2,23.36,406.67,0
0,1,1,1,49,0,1,2,1,1,1,1,1,1,0,1,1,21.85,1068.02,1
0,0,1,1,11,1,2,1,2,0,0,0,0,2,0,0,1,115.65,1266.23,1
1,0,0,1,35,0,1,1,2,0,0,0,0,2,0,1,1,92.71,3218.19,1
1,0,1,0,5,1,2,2,1,1,1,1,1,1,0,0,3,27.53,147.13,1
1,0,1,1,12,1,2,1,0,2,0,0,0,2,0,1,1,89.46,1097.87,0
0,1,0,1,19,1,2,1,2,0,0,0,2,0,1,1,1,102.22,1958.64,0
0,0,0,1,41,1,2,2,1,1,1,1,1,1,0,1,3,31.36,1261.65,1
1,0,0,1,14,1,2,0,2,2,2,2,0,2,2,0,1,96.86,1356.21,0
1,0,0,1,21,1,2,1,2,2,2,2,0,0,0,1,3,100.6,2108.2,1
0,0,1,0,39,1,2,1,0,0,2,2,2,0,0,0,0,119.98,4675.23,1
1,0,1,1,14,0,1,0,2,0,0,0,0,2,2,1,1,78.16,1107.61,1
0,1,0,0,16,1,0,2,1,1,1,1,1,1,0,0,0,22.38,362.3,1
1,0,1,1,9,1,2,1,0,2,2,2,2,0,1,1,0,93.07,825.06,1
1,0,0,1,14,1,0,0,0,2,0,2,0,2,0,1,2,88.74,1228.82,1
0,0,0,0,12,1,0,1,0,2,0,0,0,2,0,0,1,78.29,918.47,0
0,0,1,1,3,1,2,1,0,0,2,0,0,2,1,0,3,81.08,249.53,1
0,0,1,1,2,1,0,1,2,0,2,0,2,0,0,0,0,77.72,185.42,1
0,0,0,1,9,1,0,2,1,1,1,1,1,1,0,0,2,26.88,239.03,1
1,0,1,1,14,1,0,2,1,1,1,1,1,1,0,0,0,31.24,457.67,0
1,0,1,0,6,1,2,0,0,2,0,2,0,0,0,1,0,81.7,458.59,1
1,0,1,0,7,1,2,2,1,1,1,1,1,1,1,1,0,24.48,181.98,0
1,1,1,0,30,0,1,0,0,0,0,0,0,2,0,1,3,77.91,2338.51,1
1,0,0,0,6,1,2,1,0,2,0,2,0,2,2,1,3,97.23,613.74,0
1,0,0,0,19,1,0,1,0,2,0,2,0,2,0,1,0,100.57,1879.7,1
0,0,0,0,72,1,2,0,0,2,2,2,0,2,1,1,2,62.01,4495.57,0
0,0,0,1,44,1,0,1,2,0,0,2,0,2,1,1,0,114.94,5085.76,0
1,0,0,0,5,1,2,2,1,1,1,1,1,1,0,1,2,19.47,83.5,0
1,0,0,0,10,1,2,2,1,1,1,1,1,1,0,1,0,33.11,358.69,0
1,0,0,0,2,0,1,0,2,0,0,2,0,2,0,0,0,90.6,161.11,1
1,1,0,1,14,1,0,2,1,1,1,1,1,1,0,0,1,24.95,331.52,0
1,0,0,0,61,1,0,0,0,0,2,0,2,0,1,1,0,48.01,2945.47,0
0,1,1,0,2,1,0,0,0,2,2,0,0,2,1,1,2,65.37,97.68,1
1,0,1,1,13,1,2,0,2,2,2,0,2,2,0,1,3,57.99,767.55,1
0,0,1,1,26,1,0,1,0,2,2,0,0,2,0,0,0,87.71,2313.24,0
0,0,0,0,25,1,2,1,0,0,0,0,2,2,1,0,0,116.66,2947.45,0
1,0,0,1,72,1,0,1,2,2,2,2,2,0,0,0,2,115.01,8300.32,1
1,0,1,1,30,1,2,1,2,0,2,0,2,2,2,0,2,125.1,3732.62,0
0,0,0,0,17,1,2,2,1,1,1,1,1,1,2,1,2,24.63,451.22,0
0,0,0,0,18,1,2,1,2,2,0,0,2,0,1,1,1,103.19,1077.4,0
1,0,1,0,27,1,0,1,2,0,0,0,2,2,2,1,2,103.02,2762.64,0
0,0,1,0,56,1,2,1,0,2,2,0,0,2,1,0,2,88.08,4941.46,0
1,1,1,1,13,1,2,1,2,2,0,0,2,2,2,0,0,107.29,1412.14,0
0,0,1,1,4,1,0,1,0,0,0,2,2,0,1,0,2,94.31,411.23,1
0,0,0,0,13,1,0,1,2,0,2,2,2,2,1,0,0,129.43,1657.75,0
0,1,0,1,15,1,0,1,2,0,2,0,2,0,0,1,3,99.02,1516.26,1
0,0,0,1,5,1,2,0,2,0,2,2,0,0,1,1,0,79.54,409.24,0
1,0,1,1,2,1,0,1,2,0,2,2,0,0,0,0,2,123.76,229.77,1
0,0,1,1,40,1,2,2,1,1,1,1,1,1,0,0,2,21.56,881.54,0
0,0,0,0,22,1,2,1,2,0,2,0,0,2,0,0,1,77.3,1682.04,0
0,0,1,0,1,1,0,1,2,2,0,0,0,0,2,1,2,101.2,105.31,0
0,0,0,0,11,1,0,1,2,0,0,2,2,0,0,1,2,120.05,1346.04,1
1,0,1,0,1,1,0,2,1,1,1,1,1,1,0,1,2,18.05,40.15,1
1,0,1,0,10,1,2,1,0,2,0,0,2,2,0,1,2,125.13,1243.37,1
1,0,0,0,8,1,0,0,0,0,2,0,0,2,0,1,0,53.83,455.18,1
1,0,0,1,19,1,0,0,2,2,2,0,2,2,0,1,3,91.09,1696.74,1
1,0,1,0,16,1,2,1,0,2,0,0,2,0,0,0,2,120.62,1942.61,1
1,0,1,0,62,1,2,0,2,0,2,0,0,0,0,1,2,80.76,5032.25,0
1,0,0,1,7,1,0,1,0,0,0,2,0,2,1,1,0,84.72,614.16,0
0,0,0,1,40,1,2,1,0,2,2,2,0,0,0,1,2,109.26,4379.81,1
0,1,1,0,22,0,1,1,2,2,2,2,2,2,2,1,3,125.58,2729.47,0
0,0,1,1,32,1,0,0,0,2,0,2,0,2,1,0,1,57.72,1880.38,0
0,0,1,1,16,1,2,0,2,0,2,0,2,2,0,1,3,74.15,1220.87,1
1,1,1,1,1,0,1,1,0,0,2,2,2,2,0,1,0,85.63,55.27,1
0,0,1,0,13,1,0,2,1,1,1,1,1,1,1,1,1,26.32,356.03,0
1,1,0,1,0,1,2,0,0,2,0,0,2,2,0,1,2,54.44,0.0,1
1,0,1,0,4,0,1,1,2,2,2,0,2,0,0,1,2,112.38,466.56,1
1,1,0,1,19,1,2,2,1,1,1,1,1,1,0,0,1,25.49,509.06,1
0,0,0,0,0,1,0,0,0,2,2,2,2,0,0,1,3,94.58,0.0,1
1,1,1,0,1,1,2,1,2,2,0,0,2,2,0,1,2,88.58,106.81,1
1,0,1,0,14,1,2,0,0,0,0,0,0,0,1,0,1,49.03,717.26,0
0,1,0,1,72,1,2,0,0,2,0,0,0,2,0,0,2,47.49,1077.4,0
0,0,0,1,26,1,0,2,1,1,1,1,1,1,1,0,3,19.73,498.29,0
1,0,0,1,14,1,2,0,2,2,2,2,2,0,1,0,2,62.61,867.01,1
0,0,0,1,1,1,0,0,0,2,2,2,0,2,0,1,2,60.84,67.79,0
0,0,1,1,23,1,0,0,0,0,2,0,2,0,2,1,3,55.0,1235.49,0
0,0,0,1,4,1,0,2,1,1,1,1,1,1,0,1,0,19.84,95.96,1
1,0,1,1,46,1,0,1,0,0,0,0,0,2,2,1,3,89.31,4121.59,0
0,0,1,1,15,1,2,2,1,1,1,1,1,1,0,0,0,22.66,340.23,1
1,0,0,1,14,1,0,0,2,0,0,0,2,0,2,0,2,59.21,814.87,1
0,0,1,0,20,1,0,0,0,2,0,2,2,0,0,0,2,76.08,1518.44,0
1,0,1,1,45,1,2,0,2,0,0,2,0,2,2,0,2,61.64,2749.95,0
1,0,0,1,6,1,2,1,0,2,0,2,2,2,2,0,0,87.8,548.96,0
1,0,0,1,46,0,1,1,2,0,0,0,0,0,0,1,0,73.41,3382.97,0
1,0,1,0,64,1,0,0,0,0,0,0,0,0,1,1,3,74.15,4758.94,0
0,0,1,0,72,1,0,1,0,0,0,0,2,2,0,1,2,112.84,8133.91,1
1,0,1,1,31,1,0,2,1,1,1,1,1,1,0,0,0,20.33,655.94,0
1,0,1,0,32,1,0,2,1,1,1,1,1,1,1,0,0,30.52,1007.78,0
1,0,1,0,52,1,0,1,0,2,0,2,0,0,0,0,2,87.55,4533.3,0
1,1,0,1,41,1,2,1,2,0,0,2,0,2,1,1,0,115.64,4748.43,0
1,0,0,1,8,0,1,0,2,0,2,2,2,0,1,0,0,81.84,626.41,0
0,0,1,1,5,1,2,0,0,2,0,0,0,2,0,0,2,76.0,393.43,1
1,0,0,1,17,1,0,0,2,0,0,2,2,2,0,0,1,82.47,1375.18,0
0,1,0,0,1,0,1,0,0,2,0,2,2,0,0,0,2,49.82,80.18,0
1,0,1,0,62,1,2,2,1,1,1,1,1,1,0,1,1,22.48,1360.66,0
0,0,1,0,8,1,0,1,0,0,2,2,2,0,1,1,3,107.26,844.7,1
0,0,0,0,24,1,2,0,2,2,0,2,2,2,2,0,2,75.4,1802.11,0
1,0,1,0,25,1,0,0,0,2,2,0,0,2,0,1,3,77.36,1902.99,0
1,0,0,0,11,1,0,1,0,2,0,2,2,2,1,0,2,102.12,1155.36,1
1,0,1,0,72,1,2,0,0,0,2,0,2,2,0,1,2,89.26,6421.17,0
1,0,0,0,13,1,0,0,0,2,0,2,0,0,1,0,2,75.53,1077.4,1
0,0,0,0,38,0,1,1,0,0,0,2,2,0,0,0,2,91.42,3508.39,1
1,0,0,1,18,1,2,1,0,0,0,2,2,0,0,0,3,85.87,1532.0,1
1,0,1,0,1,1,0,0,2,2,2,2,2,2,1,0,2,71.58,56.04,0
1,1,0,0,35,1,0,1,2,0,2,2,0,2,1,1,2,116.96,4091.6,1
1,0,1,1,15,1,2,2,1,1,1,1,1,1,0,1,2,28.07,440.21,0
1,0,1,0,3,1,2,0,0,0,0,2,2,2,2,1,2,75.41,210.74,0
0,0,0,0,14,1,0,0,0,0,0,2,0,0,0,1,3,78.99,1117.93,0
0,0,1,1,11,1,2,1,0,2,0,2,0,0,0,1,3,78.62,849.89,1
1,0,1,0,58,1,2,0,2,2,2,0,2,2,0,1,1,80.92,4721.68,0
1,0,0,1,22,1,0,1,2,2,0,2,0,0,0,0,0,86.61,1904.02,0
0,0,1,0,9,1,0,0,2,2,2,0,2,0,1,0,3,85.23,799.45,0
1,1,1,0,72,1,2,1,0,0,0,2,2,0,0,1,2,90.04,6477.29,0
1,1,0,0,27,1,2,1,2,0,0,2,0,0,0,1,1,101.35,2768.42,1
1,0,0,1,72,1,2,1,0,2,2,0,0,0,0,1,2,114.79,8277.47,1
0,0,0,0,33,1,0,1,2,0,0,2,2,2,2,0,0,124.77,4099.03,0
1,0,0,0,8,0,1,0,2,0,0,2,0,2,2,0,2,87.34,714.69,0
1,1,1,1,2,1,2,0,0,0,0,2,0,2,0,1,1,71.34,164.58,0
0,0,0,0,17,1,0,2,1,1,1,1,1,1,0,1,3,33.64,584.78,1
0,0,0,1,13,1,0,1,0,2,0,2,2,0,2,0,0,81.62,1077.4,0
1,0,1,0,11,0,1,0,0,0,0,2,2,2,1,0,3,57.37,603.42,0
0,0,1,1,63,1,0,0,2,0,2,2,2,2,0,1,0,71.62,4495.06,1
1,0,0,0,40,1,0,0,2,2,0,2,2,0,0,0,2,69.28,2747.01,1
0,0,0,0,10,1,0,1,0,0,0,2,2,2,1,0,1,107.52,1101.28,0
1,0,1,1,34,1,0,1,0,0,2,0,2,2,0,0,3,101.84,3485.34,1
0,0,1,0,59,1,2,1,2,2,2,2,0,0,2,1,0,125.06,7405.35,0
0,0,0,1,6,1,2,1,2,0,0,0,0,0,0,1,2,75.19,453.39,1
1,0,1,1,20,1,0,0,2,2,0,2,2,0,2,0,3,86.54,1751.3,0
1,0,1,0,26,1,2,0,0,2,0,0,2,2,1,0,2,65.54,1697.7,0
0,0,1,0,16,1,0,0,2,0,0,2,2,0,0,0,1,79.49,1302.39,0
0,0,0,1,6,1,0,0,2,0,2,2,2,0,0,1,3,91.36,526.71,1
0,1,1,0,45,0,1,1,0,2,0,2,2,0,0,0,2,81.83,3669.24,0
1,1,1,1,28,1,0,1,2,0,0,0,0,0,2,1,3,71.92,2011.43,0
1,0,1,0,50,1,2,2,1,1,1,1,1,1,2,1,0,21.06,1027.63,0
0,0,1,0,60,1,0,1,0,2,2,0,2,2,0,1,2,88.94,5319.59,1
0,0,0,0,32,1,2,2,1,1,1,1,1,1,0,0,0,33.76,1049.8,0
0,0,1,1,72,0,1,1,0,0,2,0,0,0,0,1,0,79.51,5753.29,1
0,0,0,1,19,0,1,2,1,1,1,1,1,1,1,1,0,23.38,452.8,0
0,1,1,1,12,1,0,1,0,0,0,0,0,2,1,1,0,76.9,911.03,1
0,0,0,0,72,1,0,1,0,0,2,0,2,0,1,1,1,108.33,7777.0,0
0,0,0,0,13,1,0,0,2,2,2,2,2,2,0,0,0,99.26,1269.81,1
0,0,1,1,35,1,0,1,2,2,2,0,2,2,0,0,2,133.9,4714.29,1
0,0,0,1,46,1,0,0,0,2,2,0,2,2,0,0,2,86.81,4026.15,1
1,1,1,0,11,1,2,0,0,0,2,0,2,0,1,1,2,67.24,721.88,0
0,0,0,0,53,1,2,1,2,0,2,2,0,2,0,1,3,108.41,5770.53,0
1,1,0,1,28,0,1,1,0,2,2,0,0,0,1,0,0,82.78,1077.4,0
1,1,0,0,7,1,0,0,0,2,2,0,0,0,0,1,3,53.3,383.46,1
0,0,1,1,12,1,0,1,2,0,2,0,0,2,1,0,1,123.66,1518.75,0
0,0,1,0,48,1,0,1,0,2,2,2,2,0,1,0,2,92.0,4434.88,0
0,1,1,1,10,1,0,1,0,2,2,2,2,2,1,1,0,131.85,1305.2,0
1,0,0,0,72,1,0,2,1,1,1,1,1,1,0,1,2,27.14,1977.31,0
0,0,1,1,0,1,2,1,0,2,0,2,2,0,0,0,2,126.24,0.0,0
0,0,1,0,21,1,0,0,2,2,2,2,2,2,2,1,2,63.78,1357.36,0
1,0,0,0,2,1,0,2,1,1,1,1,1,1,0,1,2,23.16,45.74,1
1,1,0,0,59,1,0,0,0,0,0,2,2,2,2,1,2,59.64,3540.53,0
1,0,1,1,39,1,0,1,2,0,0,2,0,0,0,0,2,111.62,4324.74,0
0,0,1,1,7,1,0,2,1,1,1,1,1,1,0,1,1,28.92,227.8,0
1,0,1,0,50,1,2,1,0,0,0,0,2,2,0,0,2,105.02,5252.61,1
1,0,0,0,24,1,0,1,2,2,0,2,0,0,0,1,3,87.94,2138.41,0
1,1,1,0,2,1,2,1,2,2,2,0,0,0,2,1,2,93.5,209.93,0
1,0,1,0,2,1,2,0,2,2,0,0,2,0,0,1,3,71.2,137.26,1
1,1,0,0,43,1,2,2,1,1,1,1,1,1,0,1,2,33.62,1452.92,1
0,0,0,0,55,1,2,2,1,1,1,1,1,1,0,1,3,24.72,1375.75,0
1,0,0,0,14,1,0,2,1,1,1,1,1,1,0,1,2,33.06,448.71,0
1,0,1,0,54,1,2,1,2,2,0,2,2,0,2,1,3,115.38,6195.95,0
0,0,0,0,27,0,1,0,0,0,0,0,0,2,0,0,3,55.01,1459.62,0
0,0,1,1,22,1,2,1,0,0,2,2,0,2,1,1,1,82.74,1823.54,0
1,0,0,1,50,1,2,2,1,1,1,1,1,1,0,0,0,23.91,1194.26,0
0,0,1,0,5,1,2,1,0,2,2,2,0,0,0,0,2,102.43,542.94,1
0,0,0,0,0,1,0,2,1,1,1,1,1,1,1,0,2,27.8,0.0,0
0,0,1,1,1,1,2,2,1,1,1,1,1,1,0,0,2,25.88,26.98,0
0,0,1,0,53,1,0,1,0,2,0,0,0,0,0,0,2,104.12,5492.71,1
1,0,1,0,55,1,0,2,1,1,1,1,1,1,0,0,0,33.48,1824.94,0
1,0,0,1,33,0,1,0,2,0,0,0,0,2,2,0,3,53.22,1763.76,0
0,0,1,1,0,1,2,1,0,2,2,2,0,0,0,0,2,117.62,0.0,0
0,1,0,1,16,1,0,0,2,0,2,0,2,2,0,0,3,59.47,959.5,0
1,0,0,1,6,1,0,0,0,0,2,0,0,0,2,1,2,55.85,333.57,0
1,1,1,0,20,1,0,1,0,2,0,0,0,2,0,0,1,76.95,1530.79,1
0,0,0,1,1,1,2,0,2,2,0,2,2,0,1,0,3,57.88,24.77,0
0,0,1,0,39,1,2,2,1,1,1,1,1,1,1,0,0,34.5,1318.42,0
0,0,0,0,3,1,2,0,0,0,2,2,2,2,0,0,0,56.83,158.67,0
1,0,1,0,23,1,2,1,0,2,2,2,0,2,0,0,1,113.64,2644.17,1
1,1,0,1,7,1,2,1,0,0,0,2,0,2,1,1,0,73.65,538.8,0
1,0,1,1,5,0,1,0,2,0,0,2,0,0,1,1,2,56.11,1077.4,1
1,0,1,1,31,1,2,1,0,0,2,2,2,2,2,1,2,126.14,3910.81,0
0,0,1,1,3,1,0,2,1,1,1,1,1,1,0,0,3,19.21,32.98,0
1,1,0,1,44,1,2,0,2,2,2,2,0,2,0,0,3,73.57,3221.06,0
0,0,0,0,57,1,2,0,0,0,2,0,2,0,1,1,2,65.96,3786.71,0
1,0,1,0,5,1,2,1,0,0,0,0,0,2,0,1,0,90.5,462.13,1
0,0,1,1,3,1,0,1,0,0,2,2,2,0,2,0,0,112.33,318.43,0
0,0,1,0,47,1,2,2,1,1,1,1,1,1,1,0,0,19.88,914.75,0
1,0,1,1,15,1,0,0,2,0,2,2,0,2,0,1,1,85.77,1275.1,0
0,0,1,0,10,1,2,2,1,1,1,1,1,1,0,1,0,18.68,213.22,0
0,1,1,1,14,1,2,0,0,2,0,0,2,0,0,0,0,46.2,656.52,1
1,0,0,1,19,1,2,0,2,2,2,2,2,0,0,0,0,100.44,1885.56,0
1,0,0,1,15,1,0,1,2,2,2,0,0,2,0,0,2,104.97,1604.96,1
0,0,0,1,72,1,2,1,0,2,2,0,2,2,2,1,2,123.64,8906.05,1
0,0,0,0,5,1,2,0,2,2,0,2,0,0,1,0,3,90.32,461.85,0
0,1,1,1,41,1,2,1,2,0,0,2,0,2,1,1,3,113.52,4674.88,0
1,0,1,1,16,1,2,0,2,0,2,0,0,2,0,1,2,60.94,989.33,1
1,0,0,1,51,0,1,1,0,2,2,0,0,2,1,0,0,91.28,4647.28,1
1,0,0,0,27,0,1,2,1,1,1,1,1,1,0,1,2,29.54,822.71,1
1,0,1,0,11,1,0,1,2,2,2,2,2,0,0,0,0,136.31,1501.32,1
1,0,0,0,7,1,0,2,1,1,1,1,1,1,1,0,0,28.09,173.25,0
1,1,1,0,2,1,0,2,1,1,1,1,1,1,0,0,2,25.09,48.47,1
1,1,1,1,7,1,0,1,2,2,2,0,2,2,0,0,1,93.51,621.72,0
0,0,0,1,22,0,1,1,2,0,0,0,0,2,1,0,1,121.71,2650.14,0
0,1,0,1,35,1,0,1,0,0,0,2,0,2,1,1,2,114.07,3968.21,0
1,0,1,0,0,1,2,1,2,2,0,0,0,0,1,1,2,118.72,0.0,1
0,0,1,1,30,1,2,1,0,2,2,2,2,2,0,1,0,105.59,3145.9,0
0,0,1,0,27,1,0,1,2,0,2,0,2,0,2,0,2,106.71,2855.56,0
0,0,1,1,72,1,0,1,2,0,2,0,0,2,2,1,1,102.6,7391.11,0
0,1,1,1,5,1,2,0,2,0,0,2,0,0,0,0,1,46.81,238.57,0
1,0,1,1,72,1,0,0,2,2,2,0,0,2,2,1,1,52.95,3796.92,0
1,0,1,1,21,1,0,2,1,1,1,1,1,1,2,0,0,35.0,1077.4,0
0,0,1,0,44,1,0,1,2,0,2,0,0,2,0,1,2,82.77,3662.86,1
0,0,1,0,11,1,2,2,1,1,1,1,1,1,2,0,3,18.95,203.63,0
1,0,0,0,25,1,0,0,2,2,2,0,0,0,1,1,1,57.46,1404.61,0
1,0,0,0,66,1,0,0,2,0,0,2,0,2,0,0,2,48.14,3157.42,0
1,0,1,0,13,1,0,1,0,2,2,0,0,2,1,0,1,108.23,1394.93,0
0,0,1,1,72,1,0,2,1,1,1,1,1,1,0,1,3,23.44,1667.36,0
0,0,0,0,55,1,0,2,1,1,1,1,1,1,0,0,3,30.18,1656.49,0
0,1,1,1,0,1,2,0,0,0,0,2,2,0,1,1,1,68.76,0.0,1
1,0,0,1,19,1,0,0,0,0,0,0,0,0,1,1,0,39.03,735.72,0
1,0,1,1,8,1,0,0,0,2,2,0,2,0,2,1,0,79.73,654.64,0
0,0,0,1,4,1,0,1,2,2,2,0,0,2,0,1,2,104.66,406.42,1
1,1,0,0,51,1,0,2,1,1,1,1,1,1,1,0,3,30.21,1539.36,0
0,0,1,0,2,1,0,0,2,2,2,0,2,2,0,0,2,73.77,142.15,1
1,0,1,1,36,1,2,1,2,2,0,2,2,0,0,0,2,95.85,3477.42,1
0,0,1,1,21,1,2,1,0,2,0,2,0,0,0,1,3,98.54,2070.55,0
0,1,1,0,36,1,0,2,1,1,1,1,1,1,0,1,2,29.15,1069.84,0
0,1,1,1,45,1,0,1,0,2,0,2,2,0,1,0,3,84.6,3775.46,0
1,0,1,1,55,1,2,0,0,2,0,0,0,0,1,0,3,50.66,2809.91,0
0,0,0,1,8,1,0,1,2,2,2,2,2,0,0,1,0,86.74,683.91,0
0,0,0,1,1,1,2,0,0,0,0,2,0,0,0,1,2,63.47,70.74,0
0,0,0,1,23,1,2,1,2,0,2,2,2,0,0,0,2,96.49,2253.48,1
0,0,0,1,1,1,2,0,2,2,2,0,2,2,2,0,1,84.06,93.39,0
0,0,0,0,6,1,0,1,0,2,0,0,0,0,0,0,2,76.95,453.57,1
1,0,1,1,4,0,1,1,2,0,0,0,0,0,0,1,0,103.43,393.34,1
0,0,1,1,1,1,0,1,0,2,0,2,0,2,1,0,0,86.38,80.14,0
1,0,1,1,11,1,2,2,1,1,1,1,1,1,1,1,3,29.11,335.87,0
1,0,0,0,25,1,2,0,0,2,0,0,2,2,0,0,2,78.2,1984.16,1
0,0,1,1,2,1,2,0,0,0,2,0,2,0,0,0,3,79.84,184.98,0
1,0,1,1,1,0,1,2,1,1,1,1,1,1,2,0,2,19.72,0.0,0
0,0,1,0,52,1,0,1,0,0,0,0,2,2,1,1,2,100.94,5247.87,0
0,0,0,1,14,1,0,2,1,1,1,1,1,1,1,0,0,33.61,443.16,0
1,0,0,1,57,1,2,2,1,1,1,1,1,1,0,0,0,34.79,1951.56,0
0,0,0,0,51,1,2,2,1,1,1,1,1,1,0,1,0,30.6,1526.18,0
0,0,1,1,39,1,0,2,1,1,1,1,1,1,1,1,0,33.55,1341.03,0
0,0,1,0,13,1,0,2,1,1,1,1,1,1,2,0,1,20.91,260.61,0
0,0,1,0,41,1,2,0,0,0,2,2,2,2,0,1,1,68.15,2799.51,1
0,0,1,0,14,1,2,0,2,0,2,2,0,2,2,0,2,66.94,966.81,1
0,0,0,1,72,1,2,0,2,0,0,2,0,0,0,0,3,61.83,4473.26,0
1,0,1,0,22,1,2,0,2,2,2,2,2,2,2,1,2,81.76,1792.92,0
0,0,1,1,72,1,0,2,1,1,1,1,1,1,0,0,3,24.01,1700.45,0
0,0,0,1,26,1,2,2,1,1,1,1,1,1,0,1,0,33.8,876.2,0
1,1,1,0,49,1,2,1,2,0,0,0,0,2,0,0,1,109.61,5403.25,0
0,0,0,0,48,1,0,1,0,2,2,2,0,2,1,0,1,95.74,4577.26,0
0,0,0,0,11,1,2,1,2,0,2,0,2,0,1,0,3,113.55,1236.57,0
0,0,1,1,3,1,2,0,2,2,2,2,2,2,1,1,2,97.38,317.09,0
0,0,0,0,3,1,2,2,1,1,1,1,1,1,0,1,0,24.45,65.86,0
0,0,0,1,58,0,1,2,1,1,1,1,1,1,1,0,3,28.24,1639.07,0
1,0,0,1,2,1,0,0,0,2,2,2,0,0,0,0,2,67.4,130.0,1
1,1,0,1,6,1,0,2,1,1,1,1,1,1,2,0,1,21.48,131.93,0
1,1,1,0,22,1,2,0,0,2,2,0,2,0,2,0,3,77.01,1713.19,0
0,0,1,1,21,1,0,1,2,0,2,0,0,2,0,1,3,83.28,1722.38,0
1,0,1,1,32,1,2,2,1,1,1,1,1,1,0,1,1,31.12,1004.63,0
0,0,1,0,3,1,2,2,1,1,1,1,1,1,1,1,0,20.34,79.11,0
1,0,1,0,5,1,0,1,0,2,2,0,0,0,2,0,1,89.28,427.9,0
1,1,0,0,57,1,2,1,0,2,2,0,0,0,0,0,2,113.77,6515.3,0
1,1,1,0,12,1,0,1,0,2,0,0,0,0,0,1,0,103.75,1251.9,1
1,0,0,0,47,1,0,1,2,2,2,2,2,0,1,1,1,121.76,5725.78,1
0,0,1,1,42,0,1,2,1,1,1,1,1,1,0,0,0,27.16,1161.44,0
1,0,0,0,65,1,2,1,2,2,2,0,2,2,1,0,2,104.28,6803.06,0
1,0,0,1,29,1,2,2,1,1,1,1,1,1,0,1,0,21.3,595.77,0
1,0,0,0,6,1,2,0,0,2,2,0,0,2,0,1,3,63.71,387.38,0
0,0,0,1,7,1,2,1,2,2,0,0,2,2,2,0,1,88.1,639.81,0
0,0,0,1,27,1,2,1,0,2,2,0,2,2,1,0,1,94.57,2549.0,0
0,0,1,0,11,1,2,1,0,0,0,0,0,2,0,0,0,73.86,835.98,1
1,0,1,1,31,0,1,2,1,1,1,1,1,1,0,1,2,27.73,850.2,1
1,0,0,0,27,1,0,0,2,0,0,0,2,2,2,0,0,65.63,1772.48,0
1,0,1,1,8,1,0,2,1,1,1,1,1,1,2,1,1,24.04,160.39,0
0,0,1,1,0,1,2,1,2,2,0,0,2,2,2,0,2,113.63,0.0,0
0,0,0,1,24,0,1,1,2,0,2,2,2,0,0,0,2,114.51,2759.15,1
1,0,0,1,32,1,2,1,2,2,0,0,0,2,0,0,2,101.38,3222.95,1
0,0,1,1,26,1,0,0,2,0,0,2,2,2,1,1,2,66.71,1731.5,0
0,0,1,1,3,1,0,0,0,0,0,0,0,2,0,0,2,61.9,176.35,1
0,1,1,1,8,1,0,0,0,2,0,2,0,2,0,0,0,61.97,475.86,1
1,0,1,0,9,1,0,1,0,0,0,0,2,0,2,0,0,93.17,870.21,0
0,0,1,0,6,1,0,0,0,0,0,0,0,0,0,1,2,39.96,247.78,0
1,0,1,0,2,1,2,1,2,2,0,2,2,2,2,0,3,119.41,225.56,0
0,0,1,0,16,0,1,1,0,2,2,0,0,2,0,1,0,117.15,1861.29,1
0,0,0,1,3,1,2,2,1,1,1,1,1,1,1,0,0,19.51,48.86,0
1,0,1,0,1,1,2,0,0,0,2,2,2,2,0,0,2,91.88,118.62,1
0,0,1,0,0,1,2,1,2,0,2,0,0,2,1,1,0,85.91,0.0,0
0,0,1,0,1,1,2,0,0,2,0,2,2,2,2,1,1,72.19,66.19,0
1,0,1,1,29,0,1,1,0,2,0,0,2,2,2,1,2,99.17,2910.77,0
1,1,1,0,12,1,0,2,1,1,1,1,1,1,0,1,3,33.29,378.57,0
1,0,1,0,11,1,2,0,0,2,2,0,2,2,0,0,1,84.09,939.59,1
1,0,0,1,25,1,0,1,0,0,2,0,2,2,0,0,2,101.45,2554.63,1
1,0,0,0,6,1,2,1,2,0,0,2,2,0,2,1,3,118.28,680.81,1
1,0,0,0,18,1,2,2,1,1,1,1,1,1,1,0,1,29.76,529.08,0
0,0,1,0,28,1,0,1,2,2,2,0,2,2,0,0,1,114.87,3184.1,1
0,0,1,1,3,1,0,0,0,2,2,2,0,0,1,1,1,78.81,257.41,0
0,0,1,1,32,1,0,2,1,1,1,1,1,1,1,0,3,23.75,757.26,0
1,0,1,1,13,1,0,0,0,2,2,0,2,0,0,1,0,64.72,807.8,1
0,0,1,0,15,1,2,1,2,2,2,0,2,2,0,1,3,122.92,1860.78,0
0,0,1,1,12,1,2,1,0,2,2,0,0,0,2,0,3,85.07,1040.09,1
0,0,1,1,1,0,1,1,2,0,0,0,0,2,0,0,1,104.9,81.43,1
1,1,1,1,32,1,2,0,2,2,0,2,0,0,0,0,2,62.78,2019.14,0
0,0,1,1,0,1,0,1,2,2,0,0,0,2,0,1,3,83.71,0.0,1
0,0,0,1,4,1,0,1,0,2,0,0,2,0,0,1,3,96.21,378.51,1
0,0,1,1,39,1,2,2,1,1,1,1,1,1,2,0,2,28.72,1113.68,0
1,1,1,1,23,1,0,1,2,2,0,0,2,2,0,1,0,98.95,2259.19,1
0,0,0,1,52,1,2,2,1,1,1,1,1,1,1,0,0,33.58,1077.4,0
1,0,0,0,24,1,2,0,0,0,0,2,2,2,0,1,2,53.19,1247.21,1
1,0,1,0,72,1,2,1,2,2,2,2,2,2,0,1,2,105.48,7607.82,0
1,0,1,0,1,1,0,1,2,2,2,0,0,0,2,1,3,101.4,117.78,1
1,0,0,1,19,1,2,0,0,0,2,2,0,0,2,0,1,55.59,1036.72,0
1,0,1,0,36,1,0,1,2,0,2,2,0,2,0,1,0,97.35,3488.37,0
0,0,1,1,14,1,2,0,2,0,2,0,2,0,1,1,3,78.48,1073.7,0
0,0,0,1,4,1,0,1,2,0,0,2,0,0,2,1,2,83.48,310.77,0
0,0,1,1,19,1,2,2,1,1,1,1,1,1,2,1,0,34.35,672.81,0
1,0,0,0,7,1,2,2,1,1,1,1,1,1,1,1,1,21.52,147.27,0
0,0,1,1,36,1,2,1,0,2,2,0,2,0,0,1,2,104.68,3802.32,1
1,0,1,1,36,1,2,2,1,1,1,1,1,1,2,1,2,19.47,724.63,0
0,0,0,0,43,1,0,1,2,0,0,2,0,2,1,1,1,87.55,3793.17,0
1,0,1,0,25,1,2,1,2,2,0,0,2,0,2,0,2,89.43,2254.77,1
0,0,0,0,72,1,0,2,1,1,1,1,1,1,0,0,0,33.26,2381.4,0
0,0,0,1,19,1,0,2,1,1,1,1,1,1,0,1,2,31.33,614.39,1
1,0,0,1,26,1,2,2,1,1,1,1,1,1,0,0,2,23.41,642.32,0
1,0,1,1,32,1,2,0,2,0,0,2,2,0,2,1,2,74.06,2346.18,0
0,0,0,1,19,1,2,2,1,1,1,1,1,1,2,0,0,25.35,448.22,0
1,0,0,0,4,1,0,1,0,2,2,2,0,0,0,0,0,79.67,334.13,1
0,0,0,1,8,1,0,0,0,2,0,2,0,2,0,1,2,88.16,1077.4,1
0,0,0,0,47,1,0,0,0,0,2,2,0,2,0,0,1,55.8,2647.21,1
0,0,1,0,22,0,1,2,1,1,1,1,1,1,0,0,0,34.03,743.59,0
1,0,1,0,17,1,2,0,0,0,2,0,2,0,0,0,1,50.66,856.4,0
0,0,1,0,29,0,1,1,2,2,2,2,0,0,0,1,2,122.07,3529.02,1
0,0,1,1,8,1,0,0,0,0,2,2,2,0,0,1,1,46.2,362.16,0
1,1,1,1,4,1,0,0,2,2,0,2,2,2,2,0,0,93.13,372.05,0
0,0,1,1,60,1,2,0,2,2,2,2,2,2,0,0,1,60.5,3620.74,0
0,0,1,1,4,1,2,2,1,1,1,1,1,1,0,0,3,34.29,114.6,0
1,0,1,1,8,1,0,2,1,1,1,1,1,1,1,1,2,22.15,172.53,0
1,0,1,1,12,1,0,0,0,0,2,2,0,2,0,0,2,77.39,894.99,1
1,0,1,1,3,1,2,2,1,1,1,1,1,1,2,1,1,31.22,83.2,0
0,0,0,1,21,1,2,1,0,0,0,2,2,2,2,1,2,122.64,2573.38,0
0,0,1,1,29,1,0,1,0,2,0,2,2,0,0,0,1,122.11,3571.71,1
0,1,1,0,46,1,2,1,0,0,2,0,0,2,0,1,2,98.49,4509.2,0
0,1,0,1,25,1,0,1,0,0,0,2,2,0,0,1,2,85.31,2151.73,1
1,0,0,0,62,1,0,1,2,2,0,2,0,2,0,0,2,127.73,7937.74,1
0,0,1,1,16,1,2,2,1,1,1,1,1,1,0,0,2,18.49,326.16,0
0,0,1,1,29,1,2,1,2,2,0,0,0,2,0,1,1,92.77,2714.64,0
0,0,1,0,28,1,2,0,0,2,0,0,0,0,1,0,2,68.55,1926.95,1
0,0,1,0,10,1,2,1,0,0,0,0,0,2,0,0,0,90.74,884.34,0
0,0,0,0,25,1,2,0,2,0,0,2,0,2,0,1,3,75.59,1871.3,0
0,0,0,0,31,0,1,1,0,0,0,0,2,0,1,1,0,112.07,3506.63,0
0,0,1,0,19,1,2,1,2,0,2,0,2,0,0,0,1,85.45,1639.88,1
1,0,0,1,0,1,2,1,0,2,0,0,0,0,2,1,0,77.43,0.0,0
1,1,1,1,28,1,2,2,1,1,1,1,1,1,2,0,2,20.99,610.66,0
0,0,1,1,0,0,1,1,2,0,2,0,2,2,0,0,0,89.9,0.0,0
0,0,1,1,8,1,0,2,1,1,1,1,1,1,0,0,3,24.09,160.35,1
1,0,1,1,1,1,0,1,2,2,0,0,2,0,1,0,2,117.94,116.72,1
0,0,0,1,6,1,2,1,2,0,0,0,2,2,0,1,0,102.11,629.5,0
0,0,0,0,10,1,0,1,0,0,2,0,0,2,1,1,1,94.78,943.72,0
1,0,0,1,26,0,1,0,0,2,2,0,2,2,0,1,3,83.59,2173.56,0
1,0,1,1,4,1,2,1,2,2,2,0,2,0,0,1,1,130.41,539.98,1
0,0,0,1,2,1,2,0,2,0,2,2,2,0,0,1,1,74.23,172.82,1
1,0,1,1,43,0,1,1,2,2,2,2,0,2,2,0,0,130.98,5607.0,0
1,0,0,1,40,0,1,1,0,2,2,0,2,0,0,1,2,96.07,1077.4,1
1,0,1,0,56,1,0,0,0,0,2,2,2,2,0,0,3,66.27,3681.53,0
1,0,0,1,18,1,2,1,2,2,0,2,2,2,2,0,0,119.77,2166.35,0
1,0,1,1,26,1,2,0,2,2,0,0,0,2,0,0,2,55.34,1404.05,0
1,0,0,1,22,1,2,0,0,2,2,0,2,0,0,1,0,55.21,1235.91,0
1,0,1,0,16,1,2,1,2,2,2,2,2,0,0,0,2,118.13,1862.67,1
0,0,1,1,6,0,1,1,2,0,0,2,0,0,1,1,1,105.37,617.92,1
0,1,1,1,7,1,2,2,1,1,1,1,1,1,2,1,3,32.29,193.74,0
0,0,1,1,4,1,2,1,0,0,0,2,0,2,0,1,3,122.09,512.39,1
1,0,1,0,13,1,2,0,0,0,0,2,2,2,0,1,2,73.41,951.85,0
1,0,0,1,19,1,2,1,2,2,0,0,0,0,1,1,2,119.95,2288.75,0
0,0,0,1,40,1,0,1,2,2,2,0,0,2,0,0,0,99.54,3964.39,1
0,0,0,1,36,1,0,1,0,2,0,2,2,2,1,0,1,118.26,4251.81,0
1,0,0,0,72,1,2,2,1,1,1,1,1,1,0,1,0,20.95,1077.4,0
1,0,1,0,2,1,2,0,2,0,2,0,2,2,0,1,3,73.27,158.04,1
0,1,1,1,9,1,0,1,0,2,2,2,2,0,2,1,2,119.21,1094.05,0
0,0,1,1,63,1,2,1,0,2,2,0,2,0,0,0,1,82.0,5141.14,0
1,0,1,0,2,0,1,1,2,0,2,2,2,2,0,1,2,111.09,197.72,0
1,0,0,0,24,1,2,2,1,1,1,1,1,1,0,0,1,18.03,467.3,0
1,0,1,0,3,1,2,1,0,0,2,2,0,0,0,1,3,83.08,239.8,1
1,0,0,0,27,0,1,1,2,0,0,2,0,0,0,0,1,84.57,2266.01,0
1,0,1,0,28,1,0,2,1,1,1,1,1,1,2,1,0,30.72,888.87,0
0,0,0,1,6,1,0,1,2,2,0,2,2,2,1,1,3,92.11,581.72,0
1,0,1,1,29,1,0,0,0,2,0,2,2,2,0,0,1,80.44,2338.25,0
0,0,1,1,20,1,0,0,2,2,2,2,2,0,1,0,2,70.18,1392.36,0
1,0,1,1,0,1,0,2,1,1,1,1,1,1,2,1,0,26.66,0.0,0
0,1,1,0,8,1,2,1,0,0,0,2,2,0,1,0,2,111.37,914.33,1
0,1,1,0,9,1,0,0,0,2,0,0,2,0,1,1,0,76.75,691.46,0
0,0,1,0,27,1,2,0,2,2,0,2,2,0,1,0,0,62.17,1687.94,0
1,0,0,0,7,1,0,0,2,0,0,2,2,0,0,0,0,88.41,596.19,0
1,0,1,1,22,1,0,2,1,1,1,1,1,1,1,0,2,20.74,462.25,0
1,0,1,1,11,1,0,0,2,0,0,0,0,0,0,1,1,40.53,437.61,0
0,0,0,1,7,1,0,0,2,2,0,2,0,0,1,0,2,66.38,450.54,0
0,0,1,0,0,1,2,2,1,1,1,1,1,1,1,1,1,22.64,0.0,0
0,0,0,1,0,1,2,1,2,2,0,0,0,0,0,0,3,85.54,0.0,1
1,0,0,1,12,1,0,0,2,2,2,0,0,2,0,0,3,82.96,965.51,1
0,0,1,1,1,1,2,1,2,2,0,2,0,0,1,0,2,96.15,116.01,0
0,0,0,1,16,1,0,2,1,1,1,1,1,1,0,0,2,21.54,360.11,0
0,0,1,1,0,0,1,0,0,2,2,2,2,2,2,1,3,89.56,0.0,0
1,0,1,0,72,1,0,0,0,0,2,0,0,0,2,1,0,46.66,3363.6,0
0,1,0,1,0,1,2,1,0,0,2,2,0,0,0,1,2,83.7,1077.4,1
1,1,1,0,4,0,1,1,2,0,0,2,2,2,0,0,0,102.43,391.1,1
0,0,0,1,38,1,2,1,0,2,2,2,0,0,0,1,2,119.34,4508.28,1
1,0,0,0,1,1,2,0,0,2,0,0,2,2,0,0,0,71.05,80.65,1
0,0,1,0,63,0,1,1,2,0,0,0,0,0,0,1,2,82.46,5163.33,1
1,0,1,0,12,1,2,2,1,1,1,1,1,1,0,0,1,29.53,358.33,0
0,0,1,1,6,1,0,0,0,0,2,2,2,0,0,1,2,82.9,521.57,1
1,1,1,0,6,1,2,0,2,2,2,2,2,2,2,0,0,96.35,580.93,0
1,0,0,0,19,1,2,0,0,2,2,2,2,0,1,1,2,80.72,1534.0,0
0,0,1,0,29,0,1,0,0,2,2,0,0,0,0,0,3,44.19,1305.37,0
0,0,0,1,8,1,0,0,0,2,2,2,2,0,1,0,1,64.9,532.82,0
1,0,0,1,16,1,0,1,0,0,2,2,0,2,0,0,0,105.3,1678.57,0
0,0,1,1,7,1,2,0,2,0,2,0,2,0,2,1,0,82.37,565.53,0
1,0,1,0,68,1,2,0,2,0,0,2,2,2,2,0,1,71.52,4858.84,0
0,0,1,1,6,1,0,0,0,0,0,0,2,2,1,1,1,47.08,312.38,0
0,0,1,1,8,1,0,0,0,0,0,0,0,2,1,1,3,61.1,472.07,1
1,1,0,0,46,1,0,2,1,1,1,1,1,1,2,0,3,24.43,1131.18,0
1,0,0,0,24,1,2,2,1,1,1,1,1,1,0,0,3,24.11,597.28,0
1,0,1,1,6,1,0,0,2,0,2,0,0,0,1,0,2,79.35,506.75,0
1,0,1,1,49,1,2,1,0,2,2,2,2,0,0,0,0,131.35,6428.47,1
0,0,0,0,55,1,0,1,2,2,0,0,0,2,2,1,0,118.71,6547.57,0
0,0,1,1,5,1,0,1,2,0,2,0,0,2,2,0,2,96.35,486.41,0
0,0,1,1,35,0,1,1,0,2,0,2,0,0,0,1,2,95.88,3330.45,1
1,0,0,0,35,1,2,0,0,0,0,2,0,0,0,1,1,64.27,2277.4,0
0,1,1,1,72,1,2,0,2,0,0,0,2,2,0,0,2,68.59,4968.31,0
0,0,1,1,13,1,2,1,0,0,0,0,0,2,1,1,2,91.7,1226.46,0
1,0,0,0,72,1,0,1,0,0,0,2,0,2,0,1,0,80.05,5793.97,1
0,0,0,1,9,1,0,2,1,1,1,1,1,1,1,1,3,22.42,204.42,0
1,0,0,1,26,1,0,2,1,1,1,1,1,1,0,0,1,31.69,829.08,0
0,0,1,1,19,1,0,2,1,1,1,1,1,1,2,0,1,22.4,417.15,0
0,0,1,1,42,1,0,0,2,2,2,2,0,2,0,1,3,57.72,2400.71,0
0,0,0,0,8,0,1,1,0,2,2,2,0,0,0,0,3,107.5,833.06,0
0,1,1,1,6,1,2,0,0,2,0,2,2,2,0,1,3,86.59,524.56,1
1,0,1,0,31,1,0,2,1,1,1,1,1,1,0,1,3,18.85,564.35,0
1,0,0,0,14,1,0,2,1,1,1,1,1,1,0,0,2,30.84,399.75,1
0,1,0,0,5,1,2,1,2,0,0,2,0,2,0,0,2,115.63,596.87,0
1,0,0,0,4,1,2,1,2,2,0,2,0,2,0,1,2,91.48,393.37,1
1,0,0,1,41,0,1,0,2,2,0,0,2,0,1,1,3,54.58,2214.63,0
1,1,1,0,17,1,0,1,0,0,2,0,2,0,0,0,0,79.4,1374.39,1
0,0,0,1,27,1,0,1,2,0,0,2,2,2,0,0,2,105.88,2860.91,1
0,0,0,0,3,1,2,1,0,0,2,0,2,2,0,1,2,119.65,344.49,0
0,0,1,1,5,1,0,0,2,0,2,2,2,2,2,0,2,100.05,498.81,1
1,0,1,1,20,1,2,0,0,0,0,0,0,2,1,0,2,71.97,1448.39,1
1,1,1,1,15,1,2,1,2,2,2,2,0,0,0,1,3,122.29,1860.82,1
1,0,0,0,33,1,0,1,2,2,0,0,0,0,1,0,3,121.39,4000.79,0
1,0,0,1,16,1,0,0,2,2,0,2,0,0,0,0,2,72.85,1192.25,0
0,0,1,1,58,1,0,2,1,1,1,1,1,1,0,1,1,25.6,1456.84,0
1,0,1,0,11,1,2,1,0,2,2,0,0,2,0,0,2,100.13,1080.86,0
0,0,1,1,13,1,0,2,1,1,1,1,1,1,0,1,0,19.49,279.56,0
0,0,1,1,6,1,2,1,2,0,2,0,2,2,0,1,3,103.88,634.24,1
0,0,0,0,0,1,2,2,1,1,1,1,1,1,0,0,3,23.72,0.0,1
0,0,1,0,57,1,2,2,1,1,1,1,1,1,0,1,3,33.56,1943.27,0
0,0,0,0,4,0,1,0,0,2,2,0,2,2,0,1,1,83.43,333.31,1
1,0,1,0,5,1,0,0,0,0,2,0,0,2,0,0,1,61.35,340.34,0
1,1,0,0,16,1,0,0,0,0,0,0,0,0,0,0,0,63.2,991.83,0
1,1,0,0,19,1,0,0,0,2,2,0,2,2,0,1,0,61.18,1192.57,1
1,0,0,0,31,1,0,1,2,0,0,0,0,2,0,1,2,113.57,3526.89,1
0,0,1,0,72,1,2,1,0,2,0,0,2,0,1,1,2,82.66,5980.65,0
0,1,0,1,61,1,0,1,2,0,2,2,2,2,0,1,2,108.06,6586.14,0
1,0,1,0,28,0,1,2,1,1,1,1,1,1,0,1,0,28.19,796.13,0
1,0,1,1,6,1,0,2,1,1,1,1,1,1,0,0,3,30.93,172.88,0
1,0,1,1,31,1,2,1,0,2,2,0,0,2,0,0,3,106.87,3310.49,1
1,0,1,1,23,1,0,1,2,0,0,0,0,0,0,0,1,107.07,2488.39,0
0,0,0,1,27,1,0,0,2,0,2,2,0,2,2,0,0,62.33,1668.32,0
1,0,1,1,2,1,0,2,1,1,1,1,1,1,0,1,3,32.69,96.08,0
0,0,1,1,20,1,2,0,0,0,2,2,0,0,1,1,3,48.14,957.25,0
1,0,1,1,12,1,0,1,0,2,0,0,2,2,1,0,0,88.86,1086.22,1
0,0,0,0,27,1,2,1,0,0,0,0,2,0,1,0,1,70.24,1872.54,0
0,0,0,1,9,1,2,0,0,0,2,0,0,2,0,0,2,76.6,685.0,1
0,0,1,0,20,1,0,0,2,0,0,2,2,0,1,1,1,86.0,1717.23,0
0,0,1,1,36,0,1,2,1,1,1,1,1,1,0,1,0,18.21,621.57,0
1,1,1,1,5,1,0,2,1,1,1,1,1,1,2,1,0,19.06,76.05,0
0,0,0,1,6,1,2,1,2,2,0,0,2,2,0,1,3,102.59,586.15,0
0,0,1,0,25,1,0,1,0,2,2,0,0,2,0,0,2,86.57,2187.68,0
0,1,1,0,3,1,0,2,1,1,1,1,1,1,1,0,2,22.51,72.67,0
0,0,0,1,11,1,2,1,0,0,2,0,2,2,2,1,3,99.54,1105.89,1
0,0,0,1,4,1,0,2,1,1,1,1,1,1,2,1,0,31.56,92.82,0
1,1,0,0,40,1,0,0,0,2,0,2,2,2,2,0,0,70.75,2844.23,0
0,0,0,0,7,1,0,1,2,2,0,2,2,2,0,1,0,111.61,751.35,1
0,0,1,1,24,1,2,1,2,0,0,0,2,2,0,0,3,109.12,2610.22,0
0,0,0,1,19,1,2,0,0,0,0,0,0,0,0,1,3,58.63,1090.02,0
0,0,0,0,17,1,2,0,2,0,2,0,2,2,0,1,0,61.53,1033.05,1
1,0,1,0,15,1,2,1,2,2,2,0,0,2,2,1,2,94.89,1410.86,1
1,0,0,1,46,1,2,0,0,2,2,0,2,0,0,1,2,49.38,2265.07,1
1,0,0,0,2,1,0,2,1,1,1,1,1,1,2,0,1,33.02,38.8,0
0,0,1,0,38,1,0,0,2,2,0,0,2,2,1,0,0,82.7,3131.52,0
1,0,0,1,27,0,1,1,0,0,0,0,0,2,1,1,1,80.28,2146.66,0
0,0,0,1,6,1,2,1,0,0,0,2,2,2,0,1,3,121.34,756.3,0
0,0,1,1,51,1,2,1,0,2,2,0,0,2,0,1,0,124.39,6376.6,0
1,0,0,1,72,1,2,1,0,2,2,2,2,2,0,0,0,139.46,10040.7,0
0,0,1,0,31,0,1,0,0,2,0,0,2,2,2,0,2,88.57,2739.22,0
1,0,1,1,36,1,2,1,2,2,0,0,0,2,1,1,0,101.98,3705.51,0
0,0,1,0,20,1,2,2,1,1,1,1,1,1,0,0,3,30.32,573.1,0
1,0,0,1,9,1,0,0,2,2,2,2,2,2,0,0,2,74.13,657.8,1
0,0,0,1,2,1,2,1,0,2,0,0,2,2,0,1,0,79.81,157.59,1
1,0,0,0,7,0,1,0,0,2,2,0,2,2,0,0,2,63.8,449.47,0
0,0,0,0,9,1,2,1,0,2,2,2,0,0,0,1,2,88.95,771.61,1
0,0,1,1,1,0,1,1,2,2,2,2,0,2,1,1,1,110.68,99.05,0
1,0,0,0,10,1,2,1,0,0,0,0,0,2,1,1,1,100.01,988.81,1
1,0,1,0,2,1,2,0,0,0,2,2,2,0,2,0,2,73.29,176.64,0
1,1,1,0,45,1,2,0,0,2,0,0,0,0,0,0,2,63.28,2812.96,0
1,0,0,0,3,1,2,1,0,2,2,2,0,0,1,0,3,120.63,369.45,0
0,0,0,0,21,1,2,0,2,2,2,0,2,2,0,1,2,68.81,1477.85,1
1,0,0,0,23,1,2,0,0,0,2,0,0,0,0,1,2,52.82,1243.87,1
1,0,1,0,0,1,2,2,1,1,1,1,1,1,0,0,3,31.18,0.0,1
0,1,1,0,62,1,0,0,0,0,0,2,2,0,0,0,3,76.74,4752.54,1
0,0,0,1,13,1,2,0,2,0,2,0,2,2,0,1,3,58.73,773.03,0
1,0,0,0,41,1,2,1,2,2,2,2,0,2,1,0,3,92.39,3762.92,0
1,0,1,1,16,1,0,1,2,2,0,0,0,0,0,0,2,107.01,1740.86,0
0,0,1,1,21,1,0,1,2,2,0,2,2,2,2,1,3,132.26,2794.84,0
0,0,0,0,41,1,0,0,2,0,2,0,0,0,0,1,3,69.24,2837.16,0
0,1,1,0,20,1,2,2,1,1,1,1,1,1,0,0,1,19.73,405.46,1
1,0,1,0,13,1,2,1,2,2,2,2,0,0,0,0,0,93.32,1194.26,0
1,0,0,1,4,1,2,0,0,0,0,2,0,2,1,0,3,59.0,1077.4,1
1,0,0,0,38,1,2,0,0,0,0,2,2,2,1,0,1,59.88,2302.94,0
1,1,1,1,5,0,1,1,2,0,0,0,2,0,2,1,1,98.22,498.25,1
0,1,1,1,9,1,2,1,0,0,0,2,0,0,0,0,1,78.5,701.97,1
1,0,1,1,29,1,0,2,1,1,1,1,1,1,2,1,3,19.48,599.89,0
0,1,1,0,12,1,2,1,2,0,2,2,2,0,0,1,3,103.6,1244.57,1
1,0,0,1,36,1,2,0,0,2,2,2,2,0,1,1,0,70.11,2509.56,0
1,0,0,0,23,0,1,0,0,2,0,2,2,0,2,1,0,76.79,1755.76,0
0,0,0,1,16,1,0,0,2,2,0,0,2,0,0,1,3,57.25,934.28,1
0,0,1,0,29,1,2,1,2,0,0,0,2,2,2,0,3,118.47,3467.49,0
1,1,0,0,0,1,0,2,1,1,1,1,1,1,0,1,1,20.63,0.0,1
0,0,0,1,53,1,2,1,0,0,2,2,2,2,1,1,1,106.66,5621.27,0
1,0,1,0,4,1,0,0,0,2,2,0,0,0,0,0,0,64.74,239.21,1
0,1,1,0,60,1,0,0,0,2,2,2,0,2,1,1,2,67.35,4055.37,0
0,0,1,0,30,1,2,1,2,2,2,0,0,0,2,0,1,96.16,2870.3,0
1,1,0,1,13,1,0,0,0,2,2,2,0,0,2,0,2,73.02,947.94,0
0,0,0,1,4,1,2,2,1,1,1,1,1,1,1,0,2,22.73,105.92,0
0,0,0,0,31,1,0,0,0,2,0,0,0,0,1,0,1,75.45,2337.06,0
0,0,0,1,30,1,0,0,0,2,0,0,0,0,1,0,3,66.64,1987.44,0
0,0,1,1,13,1,2,0,2,2,2,2,0,2,1,0,1,65.63,830.17,0
0,0,0,0,57,1,2,1,0,2,0,0,0,2,2,1,2,95.75,5483.13,0
0,0,1,0,7,1,0,2,1,1,1,1,1,1,1,0,1,32.03,238.03,0
0,0,1,1,12,1,2,0,2,2,2,2,0,0,2,0,1,87.3,1077.5,0
1,0,1,0,20,1,2,0,2,0,0,2,2,0,0,0,0,84.46,1713.86,0
1,0,1,1,9,1,2,1,2,2,2,2,2,2,0,1,3,120.16,1054.94,0
0,1,1,1,4,0,1,1,2,2,2,2,0,2,0,1,1,129.58,499.93,1
0,0,0,0,12,1,2,1,0,0,2,0,0,2,2,1,2,84.02,1006.35,0
1,0,0,1,2,1,2,1,2,0,2,2,2,0,0,1,3,96.35,168.81,1
1,0,0,0,34,1,0,0,0,0,2,2,0,2,0,1,2,64.69,2224.77,1
1,0,1,1,32,1,0,1,0,0,0,0,0,0,0,1,0,85.44,2727.41,0
1,0,1,1,23,0,1,2,1,1,1,1,1,1,0,1,3,29.52,661.96,1
0,1,1,1,12,1,2,0,0,0,0,0,0,2,1,1,2,69.45,852.73,0
0,0,1,0,4,1,0,0,0,0,2,0,0,2,0,1,2,81.81,299.82,1
1,0,1,1,0,1,0,1,0,0,0,2,0,0,2,0,3,106.51,0.0,0
0,0,0,1,15,1,0,1,2,0,0,2,0,2,1,0,3,97.54,1456.71,1
0,0,0,0,33,1,0,1,2,2,0,0,0,0,1,1,3,88.63,2933.97,1
1,0,1,1,2,1,2,1,2,0,0,2,0,2,0,1,2,85.47,170.1,1
0,0,0,1,19,1,0,1,0,2,0,0,0,0,1,0,0,94.44,1773.64,0
0,1,1,0,52,1,2,0,0,0,2,0,2,2,0,0,2,78.79,4071.97,1
0,1,0,0,5,1,2,1,0,0,0,2,2,0,0,1,3,118.76,574.59,1
0,0,0,0,23,1,0,1,0,0,2,2,0,2,0,0,2,88.4,2004.21,1
1,0,0,1,16,1,0,0,0,0,2,0,0,2,2,0,1,76.75,1207.07,0
0,1,0,1,44,1,2,0,2,0,0,2,2,2,1,1,0,55.35,2454.82,0
0,0,0,0,18,1,2,0,2,0,2,0,2,2,2,1,0,63.41,1141.5,0
0,0,0,1,1,1,2,2,1,1,1,1,1,1,0,0,0,33.1,20.74,0
1,0,1,0,1,1,2,0,2,2,2,0,2,2,0,0,0,94.96,1077.4,0
0,0,0,1,20,1,2,0,0,2,2,0,2,2,1,0,2,87.52,1723.57,0
1,1,0,0,9,1,2,1,0,0,2,2,0,0,0,0,1,76.06,715.82,0
0,0,0,1,72,1,2,2,1,1,1,1,1,1,1,0,0,31.03,2217.72,0
0,0,1,1,14,1,2,0,0,2,0,0,2,0,0,0,0,63.69,887.32,1
1,0,0,1,38,1,2,1,2,2,0,0,0,2,1,1,0,88.32,3332.43,1
1,0,0,1,10,1,2,0,2,0,2,2,2,2,0,1,2,71.33,711.61,0
1,0,0,0,12,1,2,0,0,2,0,2,2,2,2,0,1,69.67,856.0,0
1,0,1,1,23,1,0,1,0,2,2,0,2,2,1,0,3,121.13,2783.55,0
0,0,0,0,3,1,0,1,0,2,0,2,2,0,1,1,3,79.37,210.93,0
0,0,1,1,5,1,0,2,1,1,1,1,1,1,0,1,3,22.65,86.49,1
0,0,0,1,14,1,2,1,2,0,0,2,0,0,0,1,2,112.12,1591.32,1
1,0,1,0,72,1,0,0,2,2,2,0,0,2,1,1,2,88.21,6360.85,0
0,0,1,0,9,1,0,1,2,0,0,0,2,2,2,0,1,96.75,855.22,0
1,0,0,1,30,1,2,1,0,2,2,2,2,0,0,0,3,103.57,3107.7,0
1,0,0,1,10,1,0,0,2,2,2,0,0,2,0,1,3,89.69,905.99,0
0,0,1,1,7,1,0,2,1,1,1,1,1,1,0,0,2,22.02,154.97,1
0,0,1,1,1,1,0,0,2,0,2,0,2,2,1,0,2,66.72,89.21,0
0,0,1,1,33,1,2,1,2,2,2,0,0,2,0,0,3,119.71,3921.27,1
1,0,1,1,72,1,0,0,2,2,2,2,0,0,0,0,2,84.95,6115.3,0
1,0,0,1,13,1,2,1,2,0,2,0,2,0,1,1,3,124.95,1603.34,0
1,0,1,1,25,1,2,0,0,0,0,0,0,2,2,1,2,81.5,2067.7,0
1,0,0,0,24,1,2,0,0,2,0,2,0,2,1,1,1,86.56,2102.26,0
1,0,1,0,16,1,2,1,2,0,0,2,0,2,2,0,1,92.81,1488.5,1
0,0,0,0,28,1,0,2,1,1,1,1,1,1,0,1,3,33.69,954.47,0
1,0,1,1,62,1,0,0,2,2,2,2,0,0,0,1,0,79.42,4899.98,0
1,0,0,1,17,1,2,0,0,0,2,0,2,0,0,1,2,59.89,1022.53,1
1,1,0,1,44,0,1,1,0,2,0,2,2,0,1,1,3,113.92,5043.75,0
1,1,1,0,31,1,2,1,0,2,2,2,2,2,2,0,2,126.84,3918.44,0
0,0,1,1,11,1,0,0,2,0,0,0,2,2,2,1,2,64.77,691.6,0
1,0,1,0,71,1,0,0,2,0,2,0,0,0,0,1,0,77.26,5479.94,0
0,0,1,0,9,1,0,0,0,2,2,2,0,0,0,1,2,74.89,654.15,1
1,1,0,1,13,1,2,0,0,2,0,2,0,2,0,1,1,45.55,603.18,1
1,0,0,1,21,1,2,1,0,0,0,2,0,2,0,1,1,116.56,2427.5,1
1,0,0,1,6,1,0,0,0,0,0,0,0,0,1,1,2,53.59,350.1,1
1,0,1,0,6,1,0,0,2,0,2,0,2,0,1,1,1,84.75,519.44,0
0,0,0,0,26,1,2,2,1,1,1,1,1,1,1,0,0,25.49,696.89,0
0,0,0,1,11,0,1,2,1,1,1,1,1,1,2,0,2,23.92,246.51,1
1,0,1,1,52,0,1,1,2,2,2,0,2,0,1,0,2,91.15,4722.71,0
1,0,0,0,1,1,2,1,2,0,2,2,2,2,0,0,2,99.94,72.87,1
0,0,0,0,41,1,2,1,2,2,0,2,0,0,0,1,1,78.49,3238.0,1
1,1,0,1,7,1,0,1,0,0,0,0,0,2,0,1,3,96.68,654.46,1
1,0,0,1,22,1,0,0,0,2,2,2,2,0,2,1,2,59.73,1288.23,0
0,0,1,1,22,1,2,2,1,1,1,1,1,1,1,0,2,26.1,555.99,0
1,0,1,1,32,1,2,0,0,0,0,2,0,2,0,1,0,83.05,2638.65,0
0,0,1,0,64,0,1,1,2,2,2,2,2,2,0,0,2,129.78,8272.87,1
0,0,1,0,4,1,0,0,2,2,0,0,2,2,0,1,0,59.32,224.34,1
0,0,1,0,4,1,0,1,2,0,2,0,0,0,2,0,2,83.08,318.72,1
0,0,0,0,2,1,0,0,0,2,2,0,2,0,2,0,2,87.79,146.24,0
0,0,0,0,65,1,0,0,2,0,2,2,0,0,0,1,0,54.58,3542.67,0
0,0,1,0,1,1,2,1,0,2,2,2,2,0,0,0,3,104.27,133.02,0
0,0,1,0,3,1,0,2,1,1,1,1,1,1,1,0,3,18.06,65.06,0
0,0,1,0,1,1,2,0,0,2,0,2,2,0,0,0,2,66.57,66.44,1
0,0,1,0,12,1,2,1,0,2,2,0,2,0,1,1,0,96.54,1180.65,0
0,0,0,0,12,0,1,1,0,0,2,2,0,2,0,0,2,99.27,1220.16,1
1,0,0,0,27,1,0,2,1,1,1,1,1,1,1,1,3,27.59,736.01,0
0,0,1,0,9,1,0,2,1,1,1,1,1,1,1,1,0,24.78,245.07,0
1,1,0,1,9,1,2,2,1,1,1,1,1,1,2,1,2,21.71,171.35,0
1,0,1,0,24,1,0,2,1,1,1,1,1,1,1,1,0,24.51,596.2,0
0,0,1,1,7,1,0,1,2,0,0,0,0,0,1,1,3,85.74,577.62,1
0,0,1,1,5,1,0,1,0,0,0,0,0,2,0,1,2,93.03,459.31,1
0,1,0,1,22,1,2,1,0,2,2,2,2,2,2,1,2,122.88,2673.48,0
0,0,1,0,13,0,1,0,2,0,2,2,2,0,0,1,3,61.34,775.64,1
0,0,0,0,15,1,0,0,2,2,0,2,0,0,2,0,2,84.16,1243.69,0
1,0,1,0,19,1,0,1,2,0,0,2,2,0,0,1,2,81.82,1520.18,0
0,0,1,1,15,1,2,0,2,0,2,0,0,2,1,0,2,61.92,935.47,1
1,0,0,1,43,1,0,0,0,0,0,0,2,2,0,1,2,48.56,2072.85,0
1,0,0,0,37,1,2,0,0,2,2,2,0,0,2,0,2,84.69,3165.49,1
0,0,0,1,30,1,0,2,1,1,1,1,1,1,1,1,3,31.83,961.27,0
0,0,1,1,24,1,2,2,1,1,1,1,1,1,0,0,2,33.92,831.74,0
1,0,1,0,0,1,2,1,0,0,2,2,2,0,0,0,1,93.45,0.0,1
1,0,0,1,67,1,2,2,1,1,1,1,1,1,1,0,2,29.39,1988.65,0
1,0,0,0,41,0,1,1,2,2,2,0,2,2,1,1,2,111.71,4550.47,0
0,1,0,1,8,0,1,2,1,1,1,1,1,1,0,1,1,30.3,224.49,0
1,1,1,0,4,1,2,1,0,0,0,2,0,2,2,0,2,79.58,322.06,0
0,0,1,1,25,1,0,0,0,0,0,2,0,2,1,0,0,59.06,1497.82,1
1,0,0,0,59,1,0,0,0,0,2,0,2,0,1,1,0,55.11,3257.44,0
1,0,0,0,8,1,0,0,0,0,2,0,0,0,0,0,2,60.74,505.08,1
0,1,1,0,18,1,2,1,0,0,2,0,0,2,0,1,2,101.9,1811.12,1
1,0,0,1,0,1,2,0,2,2,0,0,2,0,1,0,2,83.01,0.0,0
0,0,0,1,53,1,2,0,0,0,2,0,0,2,0,0,2,87.05,4591.05,1
1,0,1,1,44,1,0,2,1,1,1,1,1,1,0,1,0,35.0,1559.91,0
0,1,0,1,29,1,2,2,1,1,1,1,1,1,0,0,3,27.96,800.72,0
0,0,1,1,14,0,1,2,1,1,1,1,1,1,1,1,3,31.71,421.99,0
0,0,1,0,72,1,0,0,2,2,0,2,0,2,0,0,3,87.74,6322.79,0
0,0,0,1,30,1,0,0,2,2,0,0,2,0,1,1,3,55.51,1685.03,0
0,0,1,0,65,1,2,1,2,2,0,2,0,0,0,1,2,89.24,5798.58,1
1,0,1,1,8,1,0,1,0,2,2,0,0,0,1,1,1,113.12,911.15,0
0,0,1,1,14,1,0,0,0,2,2,2,2,2,0,0,3,65.2,908.45,1
0,0,1,0,25,1,0,0,0,2,2,0,2,2,0,0,3,96.43,2414.12,0
0,0,1,1,31,1,0,2,1,1,1,1,1,1,0,0,2,18.94,586.21,0
1,0,1,0,31,1,0,2,1,1,1,1,1,1,0,0,2,32.52,1001.16,0
0,0,0,0,5,1,0,1,2,2,2,0,2,0,2,1,3,112.86,565.78,0
1,1,0,0,12,1,2,0,2,2,0,0,2,0,1,0,3,67.55,821.56,0
0,0,1,0,2,0,1,1,0,0,2,2,2,2,0,1,0,99.9,171.65,1
1,0,0,1,4,1,2,1,2,2,0,0,2,0,1,0,3,94.44,366.96,0
1,0,0,1,0,1,2,0,2,2,0,0,2,0,1,1,3,81.39,0.0,1
0,0,1,1,3,0,1,0,0,0,0,2,2,0,1,0,3,68.31,210.92,0
1,1,0,0,42,1,2,0,2,2,2,0,0,2,2,1,0,65.89,2753.63,0
1,0,0,0,41,1,0,2,1,1,1,1,1,1,0,0,2,33.85,1398.63,0
1,1,0,1,11,1,2,2,1,1,1,1,1,1,1,1,3,24.69,298.18,0
0,0,1,0,19,1,0,1,2,2,2,2,0,2,0,1,2,114.4,2177.07,1
1,0,0,1,72,1,2,0,0,2,0,0,0,2,0,1,2,43.45,3129.87,1
0,1,0,0,4,1,2,1,0,2,0,2,2,2,0,0,0,108.87,422.13,1
0,0,0,1,5,1,0,1,0,0,2,2,0,0,2,0,3,90.33,445.18,0
0,0,1,1,14,1,2,1,2,2,2,0,0,0,0,0,1,118.86,1669.66,0
1,1,1,1,36,1,2,1,2,2,2,2,2,2,1,1,2,134.54,4852.65,1
1,0,1,0,5,1,2,1,2,2,2,0,0,0,2,0,1,81.92,420.97,1
1,0,1,0,2,1,2,2,1,1,1,1,1,1,0,0,3,30.2,33.79,1
0,0,0,1,42,1,2,0,2,0,2,2,0,0,0,0,3,61.2,2550.68,0
0,0,0,0,40,0,1,0,2,2,0,2,2,2,0,1,1,63.45,2553.33,0
1,1,0,1,27,1,2,2,1,1,1,1,1,1,2,0,0,25.07,694.21,0
1,0,1,0,2,1,0,2,1,1,1,1,1,1,0,0,2,22.65,42.12,0
0,1,1,1,4,0,1,2,1,1,1,1,1,1,0,0,2,28.44,102.13,1
0,0,0,0,14,1,2,1,2,0,0,0,2,0,0,0,1,124.39,1757.07,1
0,0,0,1,3,1,2,2,1,1,1,1,1,1,0,1,3,26.51,51.45,0
1,0,0,1,17,1,2,0,0,0,0,0,0,0,0,0,1,62.37,1074.59,0
1,0,0,1,71,0,1,0,0,0,2,0,0,2,2,0,2,68.58,4880.14,0
1,0,1,1,63,1,2,1,2,2,0,0,0,2,0,1,1,99.8,6299.05,0
1,0,0,1,27,1,0,1,0,0,0,0,2,2,1,1,2,100.95,2752.18,0
0,0,1,0,14,1,2,0,2,0,0,2,0,2,1,0,1,53.47,778.24,0
0,0,1,1,0,1,0,0,0,0,0,0,0,2,1,0,3,62.21,0.0,0
0,0,0,0,17,1,0,1,2,2,0,2,0,2,0,1,3,86.9,1511.91,1
1,0,1,1,4,1,2,1,2,2,2,0,0,0,1,1,3,108.19,410.95,0
0,0,1,1,54,1,0,2,1,1,1,1,1,1,2,1,3,34.11,1807.17,0
0,0,0,0,17,1,0,2,1,1,1,1,1,1,0,1,2,25.2,396.13,0
1,0,0,0,72,1,2,0,2,2,2,0,0,2,0,0,2,59.27,4234.57,0
0,0,0,1,33,1,0,0,0,0,0,2,0,0,1,0,2,64.95,2128.86,0
1,0,0,1,25,1,2,1,2,2,0,0,0,2,0,0,2,102.57,2576.11,1
0,0,0,0,17,1,0,2,1,1,1,1,1,1,2,0,0,33.87,547.15,0
0,0,1,1,5,1,2,1,0,0,2,0,0,2,0,1,1,111.25,555.21,1
1,0,1,1,11,1,2,0,2,2,2,2,0,0,0,0,3,88.16,975.51,0
1,0,0,1,32,1,2,1,0,0,0,0,2,2,0,1,1,81.2,2623.24,1
0,0,1,1,15,1,0,1,2,2,0,2,0,0,0,1,0,109.03,1638.5,0
0,0,0,0,33,1,0,2,1,1,1,1,1,1,2,1,2,33.59,1090.69,0
1,0,0,0,14,1,0,2,1,1,1,1,1,1,0,0,3,34.12,491.09,0
0,0,0,1,6,0,1,1,2,0,0,0,0,0,1,0,2,90.48,573.21,0
0,0,1,0,12,1,2,1,0,0,0,2,0,2,1,1,2,102.28,1247.42,0
1,0,1,0,26,1,2,0,2,2,0,0,0,0,0,0,1,65.74,1736.11,0
0,0,1,0,72,1,0,2,1,1,1,1,1,1,0,1,1,24.97,1804.74,0
1,0,0,1,3,1,0,0,0,0,2,2,0,2,0,1,2,62.3,155.11,0
0,0,0,0,12,0,1,0,2,0,0,2,0,2,2,1,1,92.7,1127.51,0
1,0,0,0,9,1,0,0,0,2,0,0,0,2,1,1,0,55.02,528.1,0
0,0,0,0,7,1,2,1,2,2,0,0,2,0,1,0,2,84.32,613.59,0
1,0,1,1,58,1,2,2,1,1,1,1,1,1,2,1,3,23.36,1347.47,0
0,0,0,0,44,1,0,2,1,1,1,1,1,1,0,1,2,28.4,1283.98,1
1,0,1,0,16,1,2,0,0,0,0,2,2,2,0,1,2,67.11,1105.83,1
0,0,1,0,0,0,1,1,2,2,0,2,0,2,1,0,3,88.9,0.0,1
1,0,0,0,67,0,1,2,1,1,1,1,1,1,1,1,3,25.46,1693.21,0
1,1,0,0,51,1,2,0,0,0,2,0,0,2,0,1,1,74.08,3754.13,0
1,0,1,0,72,1,0,1,0,2,2,0,2,2,0,0,0,86.16,6218.42,1
1,1,1,0,1,1,0,2,1,1,1,1,1,1,2,1,0,28.32,3.53,0
0,0,1,1,20,1,2,2,1,1,1,1,1,1,0,1,2,20.23,428.49,1
1,0,1,0,16,1,2,1,2,2,2,2,2,2,2,0,3,106.81,1729.58,0
0,0,1,1,27,1,0,0,0,0,2,0,2,0,1,0,3,48.79,1346.88,0
1,0,0,0,68,1,2,1,2,0,0,2,2,2,0,1,3,88.65,6021.93,1
1,0,1,1,0,1,0,1,0,2,2,0,0,0,0,1,2,95.06,0.0,1
1,0,1,0,20,1,2,1,2,0,2,2,2,2,0,1,2,132.48,2669.86,1
1,0,1,0,5,1,0,1,2,2,0,2,2,0,1,0,0,103.86,551.22,0
0,0,1,1,2,1,2,0,2,2,0,0,2,0,1,0,2,60.99,98.82,1
0,0,1,1,3,1,0,1,0,2,0,0,2,0,1,0,2,82.46,236.51,1
1,0,1,1,2,1,2,0,0,2,2,0,0,2,0,0,0,64.41,151.88,0
0,0,1,0,15,1,0,1,0,2,2,2,0,0,0,1,0,99.57,1462.1,1
1,0,0,1,21,0,1,1,2,0,2,2,2,2,0,0,1,102.8,2142.13,1
0,0,0,0,5,1,2,1,0,2,2,0,0,0,1,0,0,88.84,415.23,0
1,0,1,0,8,1,0,1,0,0,2,0,0,2,0,0,2,90.18,729.22,1
1,0,1,0,16,1,2,0,0,2,0,2,0,0,0,0,1,82.17,1342.48,0
0,1,0,1,8,1,0,2,1,1,1,1,1,1,0,1,3,33.51,1077.4,0
1,0,1,1,60,1,0,1,2,2,0,2,2,0,0,1,1,114.86,6898.38,1
0,1,1,1,0,1,2,0,2,2,0,2,2,2,0,1,0,62.15,0.0,1
1,0,0,1,15,1,0,2,1,1,1,1,1,1,0,1,2,22.71,343.87,1
1,1,1,1,44,1,0,0,0,2,2,2,2,0,1,1,0,98.0,4314.02,1
0,0,0,0,23,1,0,0,0,2,0,0,2,2,0,1,3,74.15,1722.23,0
0,0,0,1,47,1,0,1,2,2,0,2,0,2,0,1,0,103.56,4845.39,1
0,0,1,1,35,1,0,0,0,0,2,0,0,0,1,1,0,46.75,1664.09,0
1,0,1,1,25,1,2,0,2,2,0,0,2,0,0,0,0,81.52,2025.0,1
1,0,1,0,10,1,2,0,0,0,2,2,0,2,2,1,2,61.55,597.95,0
1,0,0,1,2,1,0,0,0,0,0,0,2,2,1,1,2,74.71,156.79,0
1,1,1,0,72,0,1,1,2,0,0,0,2,0,0,1,0,91.43,6552.12,1
1,0,0,1,37,1,0,0,0,0,2,0,0,2,0,1,2,53.74,2002.88,1
0,1,1,0,72,1,2,0,0,0,2,2,0,2,0,1,3,53.77,3878.54,0
0,1,1,0,30,1,2,1,2,0,0,0,2,2,2,0,3,105.08,3130.33,1
1,0,0,1,34,1,0,1,0,2,2,2,0,0,0,0,2,86.36,2911.04,1
0,0,1,1,1,1,0,2,1,1,1,1,1,1,0,1,2,18.02,36.27,1
0,0,1,0,10,1,2,1,2,0,0,2,0,0,1,1,2,98.07,1005.97,0
1,0,1,1,16,1,2,1,0,2,2,2,2,2,0,1,1,132.6,2131.38,1
1,1,0,1,20,1,0,2,1,1,1,1,1,1,0,1,2,19.87,397.03,1
0,0,0,0,27,1,0,1,2,0,2,2,2,0,1,0,2,122.39,3298.11,0
0,0,0,1,13,1,0,1,0,2,2,0,0,2,1,1,2,84.07,1084.66,0
1,0,0,1,21,1,0,1,0,0,2,2,2,2,0,1,2,128.14,2723.57,1
0,0,1,0,28,1,2,0,2,2,0,0,0,2,1,1,0,76.92,2122.98,1
1,0,0,0,11,1,2,2,1,1,1,1,1,1,1,0,1,26.08,315.52,0
1,0,0,1,12,1,2,1,0,0,0,0,0,0,0,0,0,88.16,1091.93,0
1,0,0,0,27,1,0,0,0,2,2,2,2,2,0,1,2,88.2,2378.42,1
0,0,1,1,0,1,0,0,0,0,0,2,2,2,1,1,3,56.94,0.0,1
1,0,0,1,61,1,2,1,2,2,2,0,2,2,1,0,3,132.29,8082.9,0
0,0,1,1,49,1,2,0,2,0,0,2,0,0,0,0,0,47.03,2275.13,0
0,0,0,1,72,1,0,0,2,2,0,2,2,0,1,0,2,95.41,6897.76,1
1,0,0,1,49,1,2,1,2,0,2,2,0,0,0,1,2,90.72,4456.94,1
1,0,0,0,56,1,0,2,1,1,1,1,1,1,1,0,3,22.72,1270.88,0
0,0,1,0,14,1,2,0,2,0,2,2,2,0,0,1,0,56.44,799.0,0
0,1,0,1,9,1,2,0,0,0,2,2,2,2,1,1,1,83.82,777.12,0
1,1,0,0,4,1,2,0,0,0,0,0,0,0,1,1,3,46.97,179.81,0
1,0,1,0,18,1,0,1,2,2,2,0,0,2,0,0,3,96.23,1753.59,1
0,1,0,0,1,1,2,1,0,2,2,2,2,2,1,0,2,109.98,93.32,0
0,0,0,0,44,1,2,1,0,0,2,0,0,0,0,1,1,84.13,3710.77,1
0,0,0,1,49,1,0,0,2,2,2,0,2,2,0,1,3,85.68,4174.13,0
1,1,0,1,8,1,0,2,1,1,1,1,1,1,0,0,0,31.62,229.28,0
1,0,0,0,45,1,0,0,0,0,0,0,0,0,1,0,1,74.37,3313.42,0
1,0,1,1,33,1,2,1,2,0,2,0,0,2,0,1,0,87.85,2918.17,1
1,0,1,0,27,1,2,1,0,2,0,2,2,0,1,1,2,103.75,2788.64,0
1,0,1,0,44,1,2,0,2,0,2,0,0,0,1,0,2,81.66,1077.4,0
0,1,1,0,48,1,2,0,0,0,0,0,0,0,2,1,1,38.65,1820.93,0
1,0,1,0,29,1,0,0,0,0,2,2,2,2,1,1,0,87.59,2528.69,0
1,0,0,1,61,0,1,0,2,2,2,0,2,0,0,0,3,95.13,5777.64,1
0,0,1,0,10,1,0,1,2,0,2,2,0,2,1,1,3,89.44,909.36,1
0,0,0,0,42,1,0,0,2,0,2,2,2,0,0,1,0,58.16,2456.01,0
